speaker,speaker_yomi,canonical_house,canonical_party,canonical_position,n_speeches,first_date,last_date,wikipedia_title,district_prefecture,district_block,status,source,notes
山下貴司,やましたたかし,参議院,自由民主党,法務大臣,467,2016-04-26,2019-05-23,山下貴司,岡山県,第2区,ok,wikipedia,
仁比聡平,にひそうへい,参議院,日本共産党,,206,2014-03-17,2024-06-14,仁比聡平,全国,比例区,ok,wikipedia,
小泉龍司,こいずみりゅうじ,衆議院,自由民主党・無所属の会,法務大臣,151,2023-11-07,2024-06-19,小泉龍司,埼玉県,第11区,ok,wikipedia,
安倍晋三,あべしんぞう,参議院,自由民主党,内閣総理大臣,148,2013-05-23,2020-06-11,安倍晋三,山口県,第4区,ok,wikipedia,
川合孝典,かわいたかのり,参議院,国民民主党・新緑風会,,133,2018-11-15,2024-12-19,川合孝典,全国,比例区,ok,wikipedia,
佐々木聖子,,参議院,,法務大臣官房審議官,126,2015-04-07,2018-12-06,佐々木聖子,,,no_district,,
藤野保史,ふじのやすふみ,衆議院,日本共産党,,102,2018-05-09,2021-05-12,藤野保史,全国,比例区,ok,wikipedia,
糸数慶子,いとかずけいこ,参議院,沖縄の風,,92,2016-11-08,2019-05-14,糸数慶子,沖縄県,,ok,wikipedia,
福島みずほ,ふくしまみずほ,参議院,立憲民主・社民,,91,2014-03-25,2024-06-13,福島瑞穂,全国,比例区,ok,wikipedia,
上川陽子,かみかわようこ,衆議院,自由民主党,法務大臣,88,2014-10-22,2024-05-20,上川陽子,静岡県,第1区,ok,wikipedia,
根本匠,ねもとたくみ,衆議院,自由民主党,厚生労働大臣,85,2014-04-03,2019-05-23,根本匠,福島県,第2区,ok,wikipedia,
井出庸生,いでようせい,衆議院,民進党・無所属クラブ,,84,2014-05-28,2022-03-01,井出庸生,長野3区,,ok,wikipedia,
岸田文雄,きしだふみお,参議院,自由民主党・無所属の会,内閣総理大臣,83,2013-11-13,2024-06-06,岸田文雄,,,no_district,,
櫻井充,さくらいみつる,参議院,国民民主党・新緑風会,,78,2018-05-24,2019-05-14,桜井充,宮城県,,ok,wikipedia,
逢坂誠二,おおさかせいじ,衆議院,立憲民主党・市民クラブ,,76,2016-03-09,2020-02-12,逢坂誠二,北海道,第8区,ok,wikipedia,
有田芳生,ありたよしふ,参議院,立憲民主党・民友会,,76,2013-05-09,2022-05-19,有田芳生,全国,比例区,ok,wikipedia,
石橋通宏,いしばしみちひろ,参議院,立憲民主・社民,,72,2013-05-28,2024-06-18,石橋通宏,全国,比例区,ok,wikipedia,
葉梨康弘,はなしやすひろ,衆議院,自由民主党,法務副大臣・内閣府副大臣,68,2014-10-15,2022-11-02,葉梨康弘,茨城県,第3区,ok,wikipedia,
塩崎恭久,しおざきやすひさ,参議院,自由民主党,厚生労働大臣,64,2014-10-10,2017-04-19,塩崎恭久,愛媛県,第1区,ok,wikipedia,
石井苗子,いしいみつこ,参議院,日本維新の会,,63,2017-05-15,2023-04-25,石井苗子,全国,比例区,ok,wikipedia,
門山宏哲,かどやまひろあき,参議院,自由民主党,法務大臣政務官,60,2018-11-14,2024-05-15,門山宏哲,千葉1区,,ok,wikipedia,
伊藤孝江,いとうたかえ,参議院,公明党,,59,2018-11-29,2024-06-11,伊藤孝江,兵庫県,,ok,wikipedia,
階猛,しなたけし,衆議院,国民民主党・無所属クラブ,,59,2016-04-27,2024-05-10,階猛,岩手県,第1区,ok,wikipedia,
齋藤健,さいとうけん,衆議院,自由民主党・無所属の会,法務大臣,58,2018-04-10,2024-05-23,齋藤健,千葉県,第7区,ok,wikipedia,
中川正春,なかがわまさはる,衆議院,立憲民主党・無所属,内閣府特命担当大臣（「新しい公共」・防災・少子化対策・男女共同参画）,58,2012-02-22,2023-05-31,中川正春,全国,比例区,ok,wikipedia,
本村伸子,もとむらのぶこ,衆議院,日本共産党,,54,2015-03-10,2024-05-21,本村伸子,全国,比例区,ok,wikipedia,
岩城光英,いわきみつひで,衆議院,自由民主党,法務大臣,53,2016-01-21,2016-05-13,岩城光英,福島県,,ok,wikipedia,
佐々木さやか,ささきさやか,参議院,公明党,,52,2014-06-10,2024-06-14,佐々木さやか,神奈川県,,ok,wikipedia,
山北幸泰,,衆議院,,農林水産省大臣官房審議官,52,2017-04-06,2019-01-23,山北幸泰,,,no_district,,
金田勝年,かねだかつとし,参議院,自由民主党・無所属の会,法務大臣,52,2016-10-14,2017-05-10,金田勝年,全国,比例区,ok,wikipedia,
松田功,まつだいさお,衆議院,立憲民主党・無所属フォーラム,,51,2018-11-20,2020-03-31,松田功,全国,比例区,ok,wikipedia,
小川敏夫,おがわとしお,参議院,立憲民主党・民友会,法務大臣,51,2012-03-02,2019-05-14,小川敏夫,東京都,,ok,wikipedia,
源馬謙太郎,げんまけんたろう,衆議院,国民民主党・無所属クラブ,,49,2018-03-23,2020-04-06,源馬謙太郎,静岡県,第8区,ok,wikipedia,
武見敬三,たけみけいぞう,衆議院,自由民主党,厚生労働大臣,47,2014-03-13,2024-06-04,武見敬三,東京都,,ok,wikipedia,
牧山ひろえ,まきやまひろえ,参議院,立憲民主・社民,,45,2018-10-31,2024-06-18,牧山弘恵,神奈川県,,ok,wikipedia,
阿部知子,あべともこ,衆議院,立憲民主党・無所属フォーラム,,44,2018-11-14,2024-05-10,阿部知子,神奈川県,第12区,ok,wikipedia,
串田誠一,くしだせいいち,衆議院,日本維新の会,,44,2018-11-13,2020-11-11,串田誠一,全国,比例区,ok,wikipedia,
谷垣禎一,たにがきさだかず,衆議院,自由民主党,法務大臣,44,2013-03-13,2014-06-10,谷垣禎一,,,no_district,,
加藤勝信,かとうかつのぶ,衆議院,自由民主党・無所属の会,厚生労働大臣,43,2016-03-08,2023-06-12,加藤勝信,,,no_district,,
徳永エリ,とくながえり,参議院,国民民主党・新緑風会,,42,2014-05-29,2024-05-30,徳永エリ,北海道,,ok,wikipedia,
清水貴之,しみずたかゆき,参議院,日本維新の会・教育無償化を実現する会,,41,2017-03-22,2024-06-14,清水貴之,兵庫県,,ok,wikipedia,
山本太郎,やまもとたろう,参議院,希望の会（自由・社民）,,41,2015-07-07,2023-05-26,山本太郎,東京都,,ok,wikipedia,
真山勇一,まやまゆういち,参議院,民進党・新緑風会,,40,2014-06-10,2021-03-16,真山勇一,神奈川県,,ok,wikipedia,
郡和子,こおりかずこ,衆議院,民主党・無所属クラブ,,40,2013-11-05,2016-04-26,郡和子,全国,比例区,ok,wikipedia,
鈴木庸介,すずきようすけ,衆議院,立憲民主党・無所属,,39,2022-04-22,2024-06-19,鈴木庸介,全国,比例区,ok,wikipedia,
山本幸三,やまもとこうぞう,参議院,自由民主党・無所属の会,内閣府特命担当大臣（規制改革・地方創生）,38,2016-10-18,2019-02-18,山本幸三,福岡県,第10区,ok,wikipedia,
畑野君枝,はたのきみえ,衆議院,日本共産党,,38,2015-09-03,2021-03-12,畑野君枝,全国,比例区,ok,wikipedia,
石井啓一,いしいけいいち,参議院,公明党,国土交通大臣,37,2016-03-03,2024-10-07,石井啓一,全国,比例区,ok,wikipedia,
清水忠史,しみずただし,衆議院,日本共産党,,37,2015-07-08,2020-04-22,清水忠史,全国,比例区,ok,wikipedia,
山尾志桜里,やまおしおり,衆議院,立憲民主党・市民クラブ,,37,2015-03-20,2021-04-16,菅野志桜里,愛知県,第7区,ok,wikipedia,
浜地雅一,はまちまさかず,衆議院,公明党,厚生労働副大臣,36,2018-03-09,2024-04-03,濱地雅一,全国,比例区,ok,wikipedia,
高木かおり,たかぎかおり,参議院,日本維新の会,,35,2016-10-28,2021-02-17,高木佳保里,大阪府,,ok,wikipedia,
高橋千鶴子,たかはしちづこ,衆議院,日本共産党,,35,2014-04-09,2020-02-27,高橋千鶴子,全国,比例区,ok,wikipedia,
秋野公造,あきのこうぞう,参議院,公明党,,34,2015-05-26,2024-06-18,秋野公造,福岡県,,ok,wikipedia,
原口剛,,衆議院,,厚生労働省大臣官房審議官,33,2022-11-02,2024-06-11,原口剛,,,no_district,,
米山隆一,よねやまりゅういち,衆議院,立憲民主党・無所属,,32,2022-03-02,2024-05-29,米山隆一,,,no_district,,
田所嘉徳,たどころよしのり,衆議院,自由民主党,法務大臣政務官・内閣府大臣政務官,32,2014-11-07,2024-04-11,田所嘉徳,茨城1区,,ok,wikipedia,
山井和則,やまのいかずのり,衆議院,国民民主党・無所属クラブ,,32,2014-04-23,2019-04-24,山井和則,京都府,第6区,ok,wikipedia,
日下正喜,くさかまさき,衆議院,公明党,,31,2022-02-16,2024-05-14,日下正喜,全国,比例区,ok,wikipedia,
足立康史,あだちやすし,衆議院,日本維新の会,,31,2013-11-20,2024-05-10,足立康史,全国,比例区,ok,wikipedia,
田村憲久,たむらのりひさ,衆議院,自由民主党,厚生労働大臣,31,2013-04-10,2023-10-27,田村憲久,三重県,第1区,ok,wikipedia,
丸山穂高,まるやまほだか,衆議院,日本維新の会,,31,2014-06-06,2019-04-24,丸山穂高,大阪府,第19区,ok,wikipedia,
浜田和幸,はまだかずゆき,参議院,次世代の党,,31,2014-02-06,2016-05-24,浜田和幸,鳥取県,,ok,wikipedia,
浜口誠,はまぐちまこと,参議院,国民民主党・新緑風会,,30,2018-03-27,2024-06-06,濱口誠,全国,比例区,ok,wikipedia,
平口洋,ひらぐちひろし,衆議院,自由民主党,法務副大臣,29,2013-11-28,2024-05-14,平口洋,広島県,第2区,ok,wikipedia,
東徹,あずまとおる,参議院,日本維新の会,,29,2014-06-17,2023-05-15,東徹,,,no_district,,
田村智子,たむらともこ,参議院,日本共産党,,29,2015-07-07,2024-05-30,田村智子,全国,比例区,ok,wikipedia,
元榮太一郎,もとえたいちろう,参議院,自由民主党・国民の声,,29,2016-11-10,2022-05-10,元榮太一郎,千葉県,,ok,wikipedia,
道下大樹,みちしただいき,衆議院,立憲民主党・無所属,,28,2018-11-16,2024-06-19,道下大樹,北海道,第1区,ok,wikipedia,
古川禎久,ふるかわよしひさ,参議院,自由民主党,法務大臣,28,2022-02-08,2023-02-13,古川禎久,宮崎県,第3区,ok,wikipedia,
八神敦雄,,参議院,,厚生労働大臣官房審議官,28,2017-12-05,2019-05-14,八神敦雄,,,no_district,,
山田勝彦,やまだかつひこ,衆議院,立憲民主党・無所属,,27,2022-03-09,2024-05-17,山田勝彦,,,no_district,,
柚木道義,ゆのきみちよし,衆議院,民主党・無所属クラブ,,27,2015-04-07,2023-04-26,柚木道義,岡山県,第4区,ok,wikipedia,
阿部弘樹,あべひろき,衆議院,日本維新の会・教育無償化を実現する会,,26,2022-03-02,2024-05-17,阿部弘樹,全国,比例区,ok,wikipedia,
岬麻紀,みさきまき,衆議院,日本維新の会,,26,2022-02-16,2024-05-08,岬麻紀,全国,比例区,ok,wikipedia,
長谷川岳,はせがわがく,参議院,自由民主党・国民の声,,25,2018-11-29,2019-04-16,長谷川岳,北海道,,ok,wikipedia,
小池晃,こいけあきら,参議院,日本共産党,,25,2014-06-10,2022-01-21,小池晃,全国,比例区,ok,wikipedia,
津田弥太郎,つだやたろう,参議院,民主党・新緑風会,,25,2014-04-10,2016-05-13,津田弥太郎,全国,比例区,ok,wikipedia,
鷲尾英一郎,わしおえいいちろう,衆議院,民主党・無所属クラブ,,25,2014-11-05,2016-04-19,鷲尾英一郎,新潟県,第4区,ok,wikipedia,
倉林明子,くらばやしあきこ,参議院,日本共産党,,24,2016-11-10,2024-06-04,倉林明子,京都府,,ok,wikipedia,
高良鉄美,たからてつみ,参議院,沖縄の風,,24,2019-11-21,2022-11-10,高良鉄美,沖縄県,,ok,wikipedia,
尾辻かな子,おつじかなこ,衆議院,立憲民主党・市民クラブ,,24,2017-11-24,2020-05-15,尾辻かな子,大阪府,第10区,ok,wikipedia,
武部新,たけべあらた,衆議院,自由民主党・無所属の会,,23,2014-02-26,2024-06-21,武部新,北海道,第12区,ok,wikipedia,
小熊慎司,おぐましんじ,衆議院,立憲民主党・無所属,,23,2018-11-14,2024-05-17,小熊慎司,福島県,第3区,ok,wikipedia,
山添拓,やまぞえたく,参議院,日本共産党,,23,2017-05-25,2024-03-28,山添拓,東京都,,ok,wikipedia,
舟山康江,ふなやまやすえ,参議院,国民民主党・新緑風会,,23,2016-10-05,2022-10-07,舟山康江,山形県,,ok,wikipedia,
杉久武,すぎひさたけ,参議院,公明党,,23,2021-05-12,2023-06-09,杉久武,大阪府,,ok,wikipedia,
石川博崇,いしかわひろたか,参議院,公明党,,22,2016-03-17,2024-06-11,石川博崇,大阪府,,ok,wikipedia,
横山信一,よこやましんいち,参議院,公明党,,22,2018-04-10,2024-05-28,横山信一,全国,比例区,ok,wikipedia,
藤原崇,ふじわらたかし,衆議院,自由民主党,,22,2018-11-13,2024-05-08,藤原崇,岩手県,第3区,ok,wikipedia,
里見隆治,さとみりゅうじ,参議院,公明党,,22,2016-10-20,2024-05-13,里見隆治,愛知県,,ok,wikipedia,
森まさこ,もりまさこ,衆議院,自由民主党・国民の声,法務大臣,22,2019-11-05,2020-04-06,森まさこ,福島県,,ok,wikipedia,
足立信也,あだちしんや,参議院,国民民主党・新緑風会,,22,2014-04-08,2019-05-09,足立信也,大分県,,ok,wikipedia,
谷亮子,たにりょうこ,参議院,生活の党,,22,2014-03-13,2016-03-23,谷亮子,全国,比例区,ok,wikipedia,
大口善徳,おおぐちよしのり,衆議院,公明党,厚生労働副大臣,21,2018-11-21,2024-05-15,大口善徳,全国,比例区,ok,wikipedia,
空本誠喜,そらもとせいき,衆議院,日本維新の会・教育無償化を実現する会,,21,2023-03-10,2024-04-24,空本誠喜,広島県,第4区,ok,wikipedia,
遠山清彦,とおやまきよひこ,衆議院,公明党,,21,2014-05-23,2019-04-17,遠山清彦,全国,比例区,ok,wikipedia,
堀江裕,,衆議院,,厚生労働省大臣官房審議官,21,2016-02-25,2016-05-13,堀江裕,,,no_district,,
吉田宣弘,よしだのぶひろ,衆議院,公明党,経済産業大臣政務官・内閣府大臣政務官・復興大臣政務官,21,2016-04-06,2024-04-04,吉田宣弘,全国,比例区,ok,wikipedia,
中曽根康隆,なかそねやすたか,衆議院,自由民主党,,20,2018-11-16,2024-05-14,中曽根康隆,群馬県,第1区,ok,wikipedia,
國重徹,くにしげとおる,衆議院,公明党,,20,2016-04-15,2021-03-09,國重徹,全国,比例区,ok,wikipedia,
柴山昌彦,しばやままさひこ,衆議院,自由民主党,文部科学大臣,20,2018-02-13,2019-05-22,柴山昌彦,埼玉8区,,ok,wikipedia,
黒岩宇洋,くろいわたかひろ,衆議院,無所属の会,,20,2018-04-18,2019-03-19,黒岩宇洋,新潟県,第3区,ok,wikipedia,
北村知久,,参議院,,国土交通大臣官房建設流通政策審議官,20,2018-11-21,2019-05-21,北村知久,,,no_district,,
吉田光市,,参議院,,国土交通大臣官房建設流通政策審議官,20,2014-04-09,2015-03-26,吉田光市,,,no_district,,
西田譲,にしだゆずる,衆議院,日本維新の会,,20,2013-03-22,2014-11-12,西田譲,全国,比例区,ok,wikipedia,
椎名毅,しいなつよし,衆議院,みんなの党,,20,2013-04-24,2014-05-23,椎名毅,全国,比例区,ok,wikipedia,
谷合正明,たにあいまさあき,参議院,公明党,農林水産副大臣,19,2015-04-22,2023-06-07,谷合正明,全国,比例区,ok,wikipedia,
川田龍平,かわだりゅうへい,参議院,立憲民主党・民友会,,19,2016-03-16,2023-05-11,川田龍平,全国,比例区,ok,wikipedia,
鈴木義弘,すずきよしひろ,衆議院,国民民主党・無所属クラブ,,19,2017-03-10,2023-11-08,鈴木義弘,全国,比例区,ok,wikipedia,
礒崎哲史,いそざきてつじ,参議院,国民民主党・新緑風会,,19,2018-11-15,2019-04-04,礒﨑哲史,全国,比例区,ok,wikipedia,
笹川博義,ささがわひろよし,衆議院,自由民主党,,18,2015-03-10,2024-05-14,笹川博義,群馬県,第3区,ok,wikipedia,
大西健介,おおにしけんすけ,衆議院,国民民主党・無所属クラブ,,18,2014-02-26,2024-05-08,大西健介,愛知13区,,ok,wikipedia,
高橋英明,たかはしひであき,衆議院,日本維新の会・教育無償化を実現する会,,18,2022-02-08,2024-12-18,高橋英明,,,no_district,,
岸真紀子,きしまきこ,参議院,立憲民主・社民,,18,2020-07-09,2023-05-23,岸真紀子,全国,比例区,ok,wikipedia,
山口和之,やまぐちかずゆき,参議院,日本維新の会・希望の党,,18,2014-05-13,2019-05-14,山口和之,全国,比例区,ok,wikipedia,
塩川鉄也,しおかわてつや,衆議院,日本共産党,,18,2015-06-03,2018-11-28,塩川鉄也,全国,比例区,ok,wikipedia,
岡本充功,おかもとみつのり,衆議院,国民民主党・無所属クラブ,,18,2015-02-25,2020-12-02,岡本充功,愛知県,第9区,ok,wikipedia,
美延映夫,みのべてるお,衆議院,日本維新の会・教育無償化を実現する会,,17,2023-11-08,2024-05-21,美延映夫,大阪府,第4区,ok,wikipedia,
玉木雄一郎,たまきゆういちろう,衆議院,国民民主党・無所属クラブ,,17,2014-02-24,2021-12-09,玉木雄一郎,香川県,第2区,ok,wikipedia,
稲富修二,いなとみしゅうじ,衆議院,立憲民主・国民・社保・無所属フォーラム,,17,2018-06-06,2024-03-12,稲富修二,福岡県,第2区,ok,wikipedia,
吉川貴盛,よしかわたかもり,参議院,自由民主党,農林水産大臣,17,2018-11-05,2019-04-11,吉川貴盛,北海道2区,,ok,wikipedia,
福島伸享,ふくしまのぶゆき,衆議院,民進党・無所属クラブ,,17,2017-01-27,2017-05-31,福島伸享,茨城1区,,ok,wikipedia,
木下智彦,きのしたともひこ,衆議院,おおさか維新の会,,17,2016-04-06,2017-02-14,木下智彦,全国,比例区,ok,wikipedia,
福岡資麿,ふくおかたかまろ,参議院,自由民主党・国民の声,厚生労働大臣,16,2016-03-29,2024-12-11,福岡資麿,佐賀県,,ok,wikipedia,
稲津久,いなつひさし,衆議院,公明党,厚生労働副大臣,16,2016-05-10,2024-05-29,稲津久,北海道,第10区,ok,wikipedia,
宮崎政久,みやざきまさひさ,衆議院,自由民主党・無所属の会,厚生労働副大臣,16,2019-03-08,2024-06-13,宮崎政久,沖縄県,第2区,ok,wikipedia,
福山哲郎,ふくやまてつろう,参議院,立憲民主党・民友会,,16,2018-11-26,2024-06-06,福山哲郎,京都府,,ok,wikipedia,
門博文,かどひろふみ,衆議院,自由民主党,,16,2013-11-05,2018-11-22,門博文,全国,比例区,ok,wikipedia,
鈴木馨祐,すずきけいすけ,衆議院,自由民主党・無所属の会,法務大臣,15,2016-02-29,2024-12-19,鈴木馨祐,神奈川7区,,ok,wikipedia,
相原久美子,あいはらくみこ,参議院,立憲民主党・民友会,,15,2014-03-27,2019-06-14,相原久美子,全国,比例区,ok,wikipedia,
行田邦子,こうだくにこ,参議院,日本維新の会・希望の党,,15,2014-06-10,2019-05-13,行田邦子,埼玉県,,ok,wikipedia,
鬼木誠,おにきまこと,衆議院,自由民主党,,15,2018-11-22,2022-12-08,鬼木誠,,,no_district,,
河野正美,かわのまさみ,衆議院,おおさか維新の会,,15,2016-03-16,2017-04-14,河野正美,全国,比例区,ok,wikipedia,
中井川誠,,参議院,,厚生労働大臣官房審議官,15,2016-10-20,2017-04-06,中井川誠,,,no_district,,
大島理森,おおしまただもり,衆議院,無所属,議長,15,2015-09-03,2021-06-16,大島理森,,,no_district,,
斉藤鉄夫,さいとうてつお,参議院,公明党,国土交通大臣,14,2019-01-31,2024-10-07,斉藤鉄夫,全国,比例区,ok,wikipedia,
鎌田さゆり,かまたさゆり,衆議院,立憲民主党・無所属,,14,2022-11-08,2024-05-21,鎌田さゆり,宮城県,第2区,ok,wikipedia,
おおつき紅葉,おおつきくれは,衆議院,立憲民主党・無所属,,14,2022-02-03,2024-05-14,大築紅葉,北海道,第4区,ok,wikipedia,
西村康稔,にしむらやすとし,参議院,自由民主党・無所属の会,経済産業大臣・内閣府特命担当大臣（原子力損害賠償・廃炉等支援機構）,14,2014-04-23,2023-12-07,西村康稔,兵庫県,第9区,ok,wikipedia,
伊藤孝恵,いとうたかえ,参議院,国民民主党・新緑風会,,14,2018-06-12,2023-05-25,伊藤孝恵,愛知県,,ok,wikipedia,
石川香織,いしかわかおり,衆議院,立憲民主党・市民クラブ,,14,2018-03-22,2021-04-21,石川香織,北海道,第11区,ok,wikipedia,
井野俊郎,いのとしろう,衆議院,自由民主党,法務大臣政務官・内閣府大臣政務官,14,2016-05-10,2021-04-21,井野俊郎,群馬県,第2区,ok,wikipedia,
松平浩一,まつだいらこういち,衆議院,立憲民主党・市民クラブ,,14,2018-06-01,2021-04-28,松平浩一,全国,比例区,ok,wikipedia,
初鹿明博,はつしかあきひろ,衆議院,民進党・無所属クラブ,,14,2016-03-08,2019-11-27,初鹿明博,全国,比例区,ok,wikipedia,
林芳正,はやしよしまさ,衆議院,自由民主党,農林水産大臣,14,2013-03-21,2024-02-16,林芳正,,,no_district,,
盛山正仁,もりやままさひと,衆議院,自由民主党・無所属の会,法務副大臣・内閣府副大臣,14,2014-10-15,2024-02-28,盛山正仁,兵庫県,第1区,ok,wikipedia,
杵渕正巳,,参議院,,法務大臣官房審議官,14,2014-03-13,2015-03-26,杵渕正巳,,,no_district,,
伊藤忠彦,いとうただひこ,衆議院,自由民主党・無所属の会,,14,2018-11-16,2023-06-21,伊藤忠彦,愛知8区,,ok,wikipedia,
義家弘介,よしいえひろゆき,衆議院,自由民主党・無所属の会,法務副大臣,14,2020-03-06,2021-06-16,義家弘介,全国,比例区,ok,wikipedia,
平林晃,ひらばやしあきら,衆議院,公明党,,13,2023-05-10,2024-05-14,平林晃,全国,比例区,ok,wikipedia,
田中健,たなかけん,衆議院,国民民主党・無所属クラブ,,13,2023-03-10,2024-05-10,田中健,,,no_district,,
梅村みずほ,うめむらみずほ,参議院,日本維新の会,,13,2020-02-19,2023-05-18,梅村みずほ,全国,比例区,ok,wikipedia,
青山大人,あおやまやまと,衆議院,国民民主党・無所属クラブ,,13,2018-11-14,2024-04-19,青山大人,茨城県,第6区,ok,wikipedia,
重徳和彦,しげとくかずひこ,衆議院,民進党・無所属クラブ,,13,2014-04-23,2020-06-16,重徳和彦,全国,比例区,ok,wikipedia,
濱村進,はまむらすすむ,衆議院,公明党,,13,2016-02-25,2020-03-05,濱村進,全国,比例区,ok,wikipedia,
井上英孝,いのうえひでたか,衆議院,日本維新の会・無所属の会,,13,2018-11-16,2020-03-06,井上英孝,大阪1区,,ok,wikipedia,
石岡邦章,,衆議院,,法務省大臣官房審議官,13,2019-02-27,2019-03-26,石岡邦章,,,no_district,,
奥野総一郎,おくのそういちろう,衆議院,国民民主党・無所属クラブ,,13,2018-02-23,2019-03-13,奥野総一郎,千葉9区,,ok,wikipedia,
蓮舫,れんほう,参議院,立憲民主党・民友会,,13,2018-11-05,2018-12-07,蓮舫,全国,比例区,ok,wikipedia,
世耕弘成,せこうひろしげ,参議院,自由民主党・国民の声,経済産業大臣・内閣府特命担当大臣（原子力損害賠償・廃炉等支援機構）,13,2016-10-14,2019-05-16,世耕弘成,,,no_district,,
金村龍那,かねむらりゅうな,衆議院,日本維新の会,,12,2023-04-24,2024-12-18,金村龍那,全国,比例区,ok,wikipedia,
和田政宗,わだまさむね,参議院,自由民主党,,12,2014-04-28,2024-06-06,和田政宗,全国,比例区,ok,wikipedia,
坂本哲志,さかもとてつし,参議院,自由民主党・無所属の会,農林水産大臣,12,2021-04-06,2024-05-30,坂本哲志,熊本県,第3区,ok,wikipedia,
青柳陽一郎,あおやぎよういちろう,衆議院,立憲民主党・無所属,,12,2016-04-26,2024-02-28,青柳陽一郎,神奈川6区,,ok,wikipedia,
櫻井周,さくらいしゅう,衆議院,立憲民主党・市民クラブ,,12,2018-11-14,2022-02-04,桜井周,兵庫県,第6区,ok,wikipedia,
小野田紀美,おのだきみ,参議院,自由民主党・国民の声,,12,2019-04-15,2024-05-21,小野田紀美,岡山県,,ok,wikipedia,
吉川元,よしかわはじめ,衆議院,社会民主党・市民連合,,12,2019-03-07,2020-03-06,吉川元,,,no_district,,
片山大介,かたやまだいすけ,参議院,日本維新の会・希望の党,,12,2018-11-07,2022-03-16,片山大介,兵庫県,,ok,wikipedia,
田畑一雄,,参議院,,厚生労働大臣官房審議官,12,2018-11-29,2019-04-24,田畑一雄,,,no_district,,
森ゆうこ,もりゆうこ,参議院,希望の会（自由・社民）,,12,2018-11-15,2020-03-26,森裕子,全国,比例区,ok,wikipedia,
中山峰孝,,衆議院,,厚生労働省大臣官房審議官,12,2014-11-05,2016-03-31,中山峰孝,,,no_district,,
石破茂,いしばしげる,衆議院,自由民主党,内閣府特命担当大臣（国家戦略特別区域）,12,2014-11-11,2016-05-19,石破茂,,,no_district,,
上月良祐,こうづきりょうすけ,参議院,自由民主党・こころ,農林水産大臣政務官,11,2017-06-06,2024-12-19,上月良祐,茨城県,,ok,wikipedia,
漆間譲司,うるまじょうじ,衆議院,日本維新の会・教育無償化を実現する会,,11,2022-11-09,2024-05-22,漆間譲司,大阪府,第8区,ok,wikipedia,
斎藤アレックス,さいとうあれっくす,衆議院,日本維新の会・教育無償化を実現する会,,11,2024-04-26,2024-05-17,斎藤アレックス,全国,比例区,ok,wikipedia,
森夏枝,もりなつえ,衆議院,日本維新の会,,11,2018-11-14,2020-05-27,森夏枝,全国,比例区,ok,wikipedia,
浜田聡,はまださとし,参議院,ＮＨＫから国民を守る党,,11,2020-02-19,2024-05-21,浜田聡,全国,比例区,ok,wikipedia,
山本和嘉子,やまもとわかこ,衆議院,立憲民主党・無所属フォーラム,,11,2019-03-22,2019-04-24,山本和嘉子,全国,比例区,ok,wikipedia,
河野太郎,こうのたろう,衆議院,自由民主党,外務大臣,11,2018-11-07,2022-11-01,河野太郎,,,no_district,,
後藤祐一,ごとうゆういち,衆議院,国民民主党・無所属クラブ,,11,2018-06-19,2020-02-06,後藤祐一,全国,比例区,ok,wikipedia,
古庄玄知,こしょうはるとも,参議院,自由民主党,,10,2024-05-28,2024-06-06,古庄玄知,大分県,,ok,wikipedia,
牧原秀樹,まきはらひでき,衆議院,自由民主党・無所属の会,,10,2019-06-26,2024-05-21,牧原秀樹,全国,比例区,ok,wikipedia,
山田美樹,やまだみき,衆議院,自由民主党・無所属の会,外務大臣政務官,10,2016-03-10,2024-04-24,山田美樹,東京1区,,ok,wikipedia,
山口俊一,やまぐちしゅんいち,衆議院,自由民主党・無所属の会,,10,2022-06-15,2024-06-21,山口俊一,徳島2区,,ok,wikipedia,
大塚耕平,おおつかこうへい,参議院,国民民主党・新緑風会,,10,2017-03-23,2023-10-26,大塚耕平,愛知県,,ok,wikipedia,
高橋光男,たかはしみつお,参議院,公明党,農林水産大臣政務官,10,2020-10-08,2024-05-09,高橋光男,兵庫県,,ok,wikipedia,
山本香苗,やまもとかなえ,参議院,公明党,厚生労働副大臣,10,2012-08-24,2020-07-02,山本香苗,全国,比例区,ok,wikipedia,
又市征治,またいちせいじ,参議院,立憲民主党・民友会・希望の会,,10,2014-06-05,2019-04-22,又市征治,全国,比例区,ok,wikipedia,
矢田わか子,やたわかこ,参議院,国民民主党・新緑風会,,10,2016-11-16,2019-04-15,矢田稚子,全国,比例区,ok,wikipedia,
増子輝彦,ましこてるひこ,参議院,国民民主党・新緑風会,,10,2019-04-09,2019-10-16,増子輝彦,福島県,,ok,wikipedia,
橋本岳,はしもとがく,参議院,自由民主党・無所属の会,厚生労働副大臣,10,2016-11-15,2020-04-06,橋本岳,岡山県,第4区,ok,wikipedia,
丸山和也,まるやまかずや,参議院,自由民主党,,10,2012-03-22,2016-11-15,丸山和也,全国,比例区,ok,wikipedia,
北神圭朗,きたがみけいろう,衆議院,有志の会,,10,2016-10-21,2024-05-10,北神圭朗,京都府,第4区,ok,wikipedia,
落合貴之,おちあいたかゆき,衆議院,立憲民主・国民・社保・無所属フォーラム,,10,2019-06-19,2024-04-26,落合貴之,全国,比例区,ok,wikipedia,
菅義偉,すがよしひで,参議院,自由民主党・無所属の会,内閣官房長官,10,2015-12-10,2021-06-01,菅義偉,,,no_district,,
馳浩,はせひろし,衆議院,自由民主党・無所属の会,,10,2019-05-22,2020-03-06,馳浩,石川1区,,ok,wikipedia,
小沼巧,おぬまたくみ,参議院,立憲民主・社民,,9,2020-05-12,2024-12-06,小沼巧,茨城県,,ok,wikipedia,
池下卓,いけしたたく,衆議院,日本維新の会・教育無償化を実現する会,,9,2024-03-27,2024-06-06,池下卓,大阪府,第10区,ok,wikipedia,
片山さつき,かたやまさつき,参議院,自由民主党,内閣府特命担当大臣（規制改革・地方創生・男女共同参画）,9,2014-05-15,2024-06-04,片山さつき,全国,比例区,ok,wikipedia,
田畑裕明,たばたひろあき,衆議院,自由民主党・無所属の会,,9,2019-04-24,2024-05-10,田畑裕明,全国,比例区,ok,wikipedia,
遠藤良太,えんどうりょうた,衆議院,日本維新の会,,9,2022-02-16,2024-05-08,遠藤良太,全国,比例区,ok,wikipedia,
三宅伸吾,みやけしんご,参議院,自由民主党,,9,2015-04-22,2023-05-22,三宅伸吾,香川県,,ok,wikipedia,
津村啓介,つむらけいすけ,衆議院,国民民主党・無所属クラブ,,9,2018-11-13,2021-06-11,津村啓介,全国,比例区,ok,wikipedia,
小林鷹之,こばやしたかゆき,衆議院,自由民主党・無所属の会,,9,2018-11-14,2021-04-21,小林鷹之,千葉県,第2区,ok,wikipedia,
茂木敏充,もてぎとしみつ,衆議院,自由民主党・無所属の会,外務大臣,9,2016-09-30,2021-06-01,茂木敏充,,,no_district,,
田中誠二,,参議院,,厚生労働大臣官房審議官,9,2018-11-29,2019-04-24,田中誠二,,,no_district,,
片山虎之助,かたやまとらのすけ,参議院,日本維新の会・希望の党,,9,2018-10-31,2020-03-19,片山虎之助,全国,比例区,ok,wikipedia,
野田国義,のだくによし,参議院,立憲民主党・民友会,,9,2014-03-13,2018-12-06,野田国義,福岡県,,ok,wikipedia,
小川勝也,おがわかつや,参議院,民進党・新緑風会,,9,2015-03-26,2019-04-15,小川勝也,北海道,,ok,wikipedia,
田村貴昭,たむらたかあき,衆議院,日本共産党,,9,2016-03-01,2017-05-30,田村貴昭,全国,比例区,ok,wikipedia,
緒方林太郎,おがたりんたろう,衆議院,民主・維新・無所属クラブ,,9,2016-02-25,2017-04-25,緒方林太郎,福岡県,第9区,ok,wikipedia,
山下雄平,やましたゆうへい,参議院,自由民主党,,9,2013-11-05,2024-05-23,山下雄平,佐賀県,,ok,wikipedia,
宮路拓馬,みやじたくま,衆議院,自由民主党,内閣府大臣政務官,9,2016-04-15,2022-03-15,宮路拓馬,鹿児島1区,,ok,wikipedia,
加田裕之,かだひろゆき,参議院,自由民主党,,9,2020-02-19,2023-06-02,加田裕之,兵庫県,,ok,wikipedia,
猪瀬直樹,いのせなおき,参議院,日本維新の会・教育無償化を実現する会,,8,2023-12-07,2024-06-04,猪瀬直樹,全国,比例区,ok,wikipedia,
穀田恵二,こくたけいじ,衆議院,日本共産党,,8,2018-11-21,2024-05-15,穀田恵二,全国,比例区,ok,wikipedia,
西村智奈美,にしむらちなみ,衆議院,立憲民主党・無所属,,8,2015-05-27,2024-05-10,西村智奈美,全国,比例区,ok,wikipedia,
宮本徹,みやもととおる,衆議院,日本共産党,,8,2020-03-11,2024-05-10,宮本徹,全国,比例区,ok,wikipedia,
杉本和巳,すぎもとかずみ,衆議院,日本維新の会,,8,2018-03-20,2024-02-09,杉本和巳,全国,比例区,ok,wikipedia,
白石洋一,しらいしよういち,衆議院,立憲民主党・無所属,,8,2018-02-15,2023-05-10,白石洋一,愛媛県,第2区,ok,wikipedia,
矢倉克夫,やくらかつお,参議院,公明党,,8,2015-03-26,2023-04-20,矢倉克夫,埼玉県,,ok,wikipedia,
高木錬太郎,たかぎれんたろう,衆議院,立憲民主・国民・社保・無所属フォーラム,,8,2018-12-07,2020-04-28,高木錬太郎,全国,比例区,ok,wikipedia,
今井雅人,いまいまさと,衆議院,立憲民主・国民・社保・無所属フォーラム,,8,2017-02-22,2020-04-15,今井雅人,岐阜県,第4区,ok,wikipedia,
長谷川嘉一,はせがわかいち,衆議院,立憲民主・国民・社保・無所属フォーラム,,8,2019-03-19,2020-03-31,長谷川嘉一,全国,比例区,ok,wikipedia,
高橋克彦,,参議院,,外務大臣官房審議官,8,2018-11-28,2019-05-14,高橋克彦,,,no_district,,
辰巳孝太郎,たつみこうたろう,参議院,日本共産党,,8,2018-11-26,2018-12-07,辰巳孝太郎,全国,比例区,ok,wikipedia,
平木大作,ひらきだいさく,参議院,公明党,経済産業大臣政務官・内閣府大臣政務官・復興大臣政務官,8,2014-04-03,2018-12-04,平木大作,全国,比例区,ok,wikipedia,
宮本岳志,みやもとたけし,衆議院,日本共産党,,8,2018-11-30,2023-05-10,宮本岳志,全国,比例区,ok,wikipedia,
浅田均,あさだひとし,参議院,日本維新の会,,8,2018-11-29,2023-10-26,浅田均,大阪府,,ok,wikipedia,
枝野幸男,えだのゆきお,衆議院,民進党・無所属クラブ,,8,2016-10-21,2020-02-26,枝野幸男,,,no_district,,
大沼みずほ,おおぬまみずほ,参議院,自由民主党,,8,2014-05-13,2019-03-28,大沼みずほ,,,no_district,,
高橋みほ,たかはしみほ,衆議院,日本維新の会,,8,2013-03-21,2014-03-19,高橋みほ,,,no_district,,
高市早苗,たかいちさなえ,衆議院,自由民主党・無所属の会,総務大臣・内閣府特命担当大臣（マイナンバー制度）,8,2018-11-13,2024-04-03,高市早苗,,,no_district,,
石川大我,いしかわたいが,参議院,立憲民主・社民,,7,2020-06-03,2024-06-06,石川大我,全国,比例区,ok,wikipedia,
田村まみ,たむらまみ,参議院,国民民主党・新緑風会,,7,2023-05-16,2024-06-04,田村麻美,全国,比例区,ok,wikipedia,
金子恵美,かねこえみ,衆議院,立憲民主党・無所属フォーラム,,7,2015-04-22,2024-04-09,金子恵美,,,no_district,,
保岡宏武,やすおかひろたけ,衆議院,自由民主党・無所属の会,,7,2023-02-20,2024-02-28,保岡宏武,全国,比例区,ok,wikipedia,
吉良よし子,きらよしこ,参議院,日本共産党,,7,2019-04-04,2023-05-25,吉良佳子 (政治家),東京都,,ok,wikipedia,
あべ俊子,あべとしこ,衆議院,自由民主党・無所属の会,農林水産副大臣,7,2015-03-10,2023-04-19,阿部俊子,全国,比例区,ok,wikipedia,
後藤茂之,ごとうしげゆき,参議院,自由民主党,厚生労働大臣,7,2022-02-25,2022-06-13,後藤茂之,長野県,第4区,ok,wikipedia,
青木愛,あおきあい,参議院,立憲民主・社民,,7,2017-06-01,2022-03-02,青木愛,,,no_district,,
野上浩太郎,のがみこうたろう,参議院,自由民主党・国民の声,農林水産大臣,7,2018-06-26,2021-04-21,野上浩太郎,富山県,,ok,wikipedia,
井上一徳,いのうえかずのり,衆議院,希望の党,,7,2018-06-12,2020-05-22,井上一徳,全国,比例区,ok,wikipedia,
江藤拓,えとうたく,参議院,自由民主党・無所属の会,農林水産大臣,7,2020-03-24,2020-05-12,江藤拓,全国,比例区,ok,wikipedia,
赤羽一嘉,あかばかずよし,参議院,公明党,国土交通大臣,7,2019-10-23,2021-06-03,赤羽一嘉,全国,比例区,ok,wikipedia,
高鳥修一,たかとりしゅういち,参議院,自由民主党,農林水産副大臣,7,2013-11-28,2019-05-21,高鳥修一,新潟県,第5区,ok,wikipedia,
黄川田仁志,きかわだひとし,衆議院,自由民主党,,7,2019-04-24,2019-04-24,黄川田仁志,埼玉県,第3区,ok,wikipedia,
山田雅彦,,衆議院,,厚生労働省大臣官房審議官,7,2018-11-21,2019-04-23,山田雅彦,,,no_district,,
新妻秀規,にいづまひでき,参議院,公明党,,7,2018-12-06,2019-04-22,新妻秀規,全国,比例区,ok,wikipedia,
藤田幸久,ふじたゆきひさ,参議院,国民民主党・新緑風会,,7,2016-05-20,2019-03-12,藤田幸久,茨城県,,ok,wikipedia,
大野元裕,おおのもとひろ,参議院,国民民主党・新緑風会,,7,2018-03-23,2019-03-22,大野元裕,埼玉県,,ok,wikipedia,
金子修,,衆議院,,法務省大臣官房政策立案総括審議官,7,2018-11-14,2018-12-05,金子修,,,no_district,,
青山繁晴,あおやましげはる,参議院,自由民主党,,7,2018-12-04,2024-04-12,青山繁晴,兵庫県,第8区,ok,wikipedia,
宮武宜史,,参議院,,国土交通大臣官房技術審議官,7,2018-11-21,2019-04-16,宮武宜史,,,no_district,,
土屋喜久,,参議院,,厚生労働大臣官房審議官,7,2016-11-01,2017-04-13,土屋喜久,,,no_district,,
宮川学,,参議院,,外務大臣官房審議官,7,2016-04-19,2016-11-17,宮川学,,,no_district,,
中泉松司,なかいずみまつじ,参議院,自由民主党,,7,2016-11-01,2016-11-01,中泉松司,秋田県,,ok,wikipedia,
今野智博,こんのともひろ,衆議院,自由民主党,,7,2016-04-27,2016-04-27,今野智博,全国,比例区,ok,wikipedia,
井坂信彦,いさかのぶひこ,衆議院,民進党・無所属クラブ,,7,2014-06-06,2023-04-19,井坂信彦,兵庫県,第1区,ok,wikipedia,
松島みどり,まつしまみどり,衆議院,自由民主党・無所属の会,法務大臣,7,2014-10-10,2020-09-18,松島みどり,東京都,第14区,ok,wikipedia,
清水真人,しみずまさと,参議院,自由民主党・国民の声,,7,2020-02-19,2024-05-23,清水真人,群馬県,,ok,wikipedia,
安藤裕,あんどうひろし,衆議院,自由民主党,,7,2014-05-28,2019-10-23,安藤裕,,,no_district,,
小林正夫,こばやしまさお,参議院,国民民主党・新緑風会,,7,2013-10-15,2020-06-03,小林正夫,全国,比例区,ok,wikipedia,
長尾秀樹,ながおひでき,衆議院,立憲民主党・市民クラブ,,7,2018-02-22,2018-06-05,長尾秀樹,全国,比例区,ok,wikipedia,
高木毅,たかぎつよし,衆議院,自由民主党・無所属の会,,7,2019-12-09,2021-06-16,高木毅,福井県,第2区,ok,wikipedia,
前川清成,まえかわきよしげ,参議院,民主党・新緑風会,,7,2014-06-10,2014-06-12,前川清成,全国,比例区,ok,wikipedia,
赤澤亮正,あかざわりょうせい,衆議院,自由民主党,内閣府特命担当大臣（経済財政政策）,6,2019-01-23,2024-12-19,赤沢亮正,鳥取県,第2区,ok,wikipedia,
青柳仁士,あおやぎひとし,衆議院,日本維新の会・教育無償化を実現する会,,6,2023-02-13,2024-05-17,青柳仁士,大阪府,第14区,ok,wikipedia,
山本左近,やまもとさこん,衆議院,自由民主党・無所属の会,,6,2024-05-08,2024-05-08,山本左近,全国,比例区,ok,wikipedia,
橋本真吾,,衆議院,,経済産業省大臣官房審議官,6,2024-04-24,2024-05-29,橋本真吾,,,no_district,,
泉健太,いずみけんた,衆議院,立憲民主党・無所属,,6,2015-07-01,2023-10-24,泉健太,京都府,第3区,ok,wikipedia,
三谷英弘,みたにひでひろ,衆議院,自由民主党・無所属の会,,6,2023-04-26,2023-04-26,三谷英弘,神奈川県,第8区,ok,wikipedia,
福田昭夫,ふくだあきお,衆議院,立憲民主党・無所属,,6,2015-05-29,2023-04-24,福田昭夫,栃木2区,,ok,wikipedia,
中野洋昌,なかのひろまさ,衆議院,公明党,国土交通大臣,6,2018-11-16,2024-12-11,中野洋昌,全国,比例区,ok,wikipedia,
伊藤俊輔,いとうしゅんすけ,衆議院,立憲民主党・無所属,,6,2021-02-26,2021-02-26,伊藤俊輔,,,no_district,,
吉良州司,きらしゅうじ,衆議院,国民民主党・無所属クラブ,,6,2018-11-14,2024-02-28,吉良州司,大分1区,,ok,wikipedia,
豊田俊郎,とよだとしろう,参議院,自由民主党・国民の声,,6,2016-04-05,2020-11-17,豊田俊郎,千葉県,,ok,wikipedia,
紙智子,かみともこ,参議院,日本共産党,,6,2018-11-15,2024-06-13,紙智子,全国,比例区,ok,wikipedia,
田島麻衣子,たじままいこ,参議院,立憲・国民．新緑風会・社民,,6,2020-03-24,2020-06-04,田島麻衣子,愛知県,,ok,wikipedia,
羽生田俊,はにゅうだたかし,参議院,自由民主党・こころ,,6,2016-11-08,2019-11-07,羽生田俊,全国,比例区,ok,wikipedia,
河井克行,かわいかつゆき,衆議院,自由民主党・無所属の会,法務大臣,6,2019-10-18,2019-10-24,河井克行,広島3区,,ok,wikipedia,
大内聡,,参議院,,経済産業大臣官房審議官,6,2018-11-27,2019-05-14,大内聡,,,no_district,,
石原宏高,いしはらひろたか,衆議院,自由民主党,内閣府副大臣,6,2016-10-25,2019-03-26,石原宏高,東京3区,,ok,wikipedia,
早稲田夕季,わせだゆき,衆議院,立憲民主党・無所属フォーラム,,6,2019-02-05,2019-02-14,早稲田夕季,全国,比例区,ok,wikipedia,
大島九州男,おおしまくすお,参議院,国民民主党・新緑風会,,6,2016-03-16,2019-03-19,大島九州男,全国,比例区,ok,wikipedia,
長妻昭,ながつまあきら,衆議院,立憲民主党・市民クラブ,,6,2018-11-01,2018-11-01,長妻昭,全国,比例区,ok,wikipedia,
中西健治,なかにしけんじ,参議院,自由民主党・こころ,,6,2015-08-04,2018-04-05,中西健治,神奈川県,第3区,ok,wikipedia,
椎木保,しいきたもつ,衆議院,おおさか維新の会,,6,2016-04-25,2017-04-21,椎木保,全国,比例区,ok,wikipedia,
山本有二,やまもとゆうじ,衆議院,自由民主党・無所属の会,農林水産大臣,6,2017-03-08,2017-06-01,山本有二,全国,比例区,ok,wikipedia,
牧野たかお,まきのたかお,参議院,自由民主党,,6,2016-11-08,2016-11-08,牧野京夫,静岡県,,ok,wikipedia,
鈴木淳司,すずきじゅんじ,衆議院,自由民主党・無所属の会,,6,2016-10-21,2016-10-25,鈴木淳司,全国,比例区,ok,wikipedia,
牧義夫,まきよしお,衆議院,維新の党,厚生労働副大臣,6,2012-03-07,2015-09-11,牧義夫,愛知県,第4区,ok,wikipedia,
加藤鮎子,かとうあゆこ,衆議院,自由民主党,,6,2018-11-09,2023-04-24,加藤鮎子,山形県,第3区,ok,wikipedia,
田名部匡代,たなぶまさよ,参議院,国民民主党・新緑風会,,6,2018-03-22,2019-05-23,田名部匡代,青森県,,ok,wikipedia,
高瀬弘美,たかせひろみ,参議院,公明党,,6,2018-11-20,2021-06-03,高瀬弘美,福岡県,,ok,wikipedia,
本多則惠,,参議院,,厚生労働省大臣官房審議官,6,2018-12-04,2023-04-25,本多則惠,,,no_district,,
山谷えり子,やまたにえりこ,参議院,自由民主党,国家公安委員会委員長・内閣府特命担当大臣（防災）,6,2013-11-20,2014-11-17,山谷えり子,全国,比例区,ok,wikipedia,
柴田巧,しばたたくみ,参議院,日本維新の会・教育無償化を実現する会,,6,2015-04-22,2024-05-10,柴田巧,全国,比例区,ok,wikipedia,
沢田良,さわだりょう,衆議院,日本維新の会,,6,2022-10-26,2023-05-16,沢田良,全国,比例区,ok,wikipedia,
鈴木宗男,すずきむねお,参議院,日本維新の会,,6,2021-05-25,2023-06-01,鈴木宗男,全国,比例区,ok,wikipedia,
屋良朝博,やらともひろ,衆議院,立憲民主党・無所属,,6,2021-04-16,2021-05-07,屋良朝博,全国,比例区,ok,wikipedia,
石田祝稔,いしだのりとし,衆議院,公明党,,6,2018-11-01,2021-04-08,石田祝稔,全国,比例区,ok,wikipedia,
石田真敏,いしだまさとし,衆議院,自由民主党,総務大臣・内閣府特命担当大臣（マイナンバー制度）,6,2018-11-07,2019-03-22,石田真敏,全国,比例区,ok,wikipedia,
荒木清寛,あらききよひろ,参議院,公明党,,6,2014-06-05,2014-06-11,荒木清寛,全国,比例区,ok,wikipedia,
滝実,たきまこと,衆議院,民主党・無所属クラブ,法務大臣,6,2012-03-02,2012-11-13,滝実,奈良2区,,ok,wikipedia,
野田聖子,のだせいこ,衆議院,自由民主党,総務大臣・内閣府特命担当大臣（男女共同参画・マイナンバー制度）,6,2012-03-07,2022-05-11,野田聖子,| 当選回数3 =,,ok,wikipedia,
額賀福志郎,ぬかがふくしろう,衆議院,無所属,議長,5,2024-04-16,2024-05-21,額賀福志郎,,,no_district,,
山越伸子,,衆議院,,総務省大臣官房総括審議官,5,2022-11-02,2024-04-24,山越伸子,,,no_district,,
窪田哲也,くぼたてつや,参議院,公明党,,5,2023-03-13,2024-04-08,窪田哲也,全国,比例区,ok,wikipedia,
小山展弘,こやまのぶひろ,衆議院,民進党・無所属クラブ,,5,2017-03-08,2024-03-13,小山展弘,静岡県,第3区,ok,wikipedia,
湯原俊二,ゆはらしゅんじ,衆議院,立憲民主党・無所属,,5,2024-03-02,2024-03-02,湯原俊二,全国,比例区,ok,wikipedia,
古賀之士,こがゆきひと,参議院,立憲民主・社民,,5,2023-10-26,2024-04-12,古賀ゆきひと,福岡県,,ok,wikipedia,
宮下一郎,みやしたいちろう,衆議院,自由民主党,農林水産大臣,5,2019-02-04,2023-11-09,宮下一郎,長野県,第5区,ok,wikipedia,
高見康裕,たかみやすひろ,衆議院,自由民主党・無所属の会,法務大臣政務官,5,2022-11-02,2023-06-15,高見康裕,島根県,第2区,ok,wikipedia,
一谷勇一郎,いちたにゆういちろう,衆議院,日本維新の会,,5,2023-04-19,2024-04-10,一谷勇一郎,全国,比例区,ok,wikipedia,
近藤和也,こんどうかずや,衆議院,立憲民主党・無所属,,5,2020-03-24,2022-10-27,近藤和也,全国,比例区,ok,wikipedia,
小宮山泰子,こみやまやすこ,衆議院,国民民主党・無所属クラブ,,5,2019-02-27,2021-05-12,小宮山泰子,埼玉7区,,ok,wikipedia,
岩渕友,いわぶちとも,参議院,日本共産党,,5,2020-02-19,2021-05-12,岩渕友,全国,比例区,ok,wikipedia,
山田修路,やまだしゅうじ,参議院,自由民主党,,5,2016-03-31,2020-04-14,山田修路,石川県,,ok,wikipedia,
池田真紀,いけだまき,衆議院,立憲民主党・市民クラブ,,5,2018-11-14,2021-04-20,池田真紀,,,no_district,,
岡田広,おかだひろし,参議院,自由民主党・国民の声,,5,2017-03-09,2020-01-23,岡田広,茨城県,,ok,wikipedia,
高野光二郎,たかのこうじろう,衆議院,自由民主党・国民の声,農林水産大臣政務官,5,2017-05-31,2020-03-26,高野光二郎,徳島県・高知県,,ok,wikipedia,
白眞勲,はくしんくん,参議院,立憲民主党・民友会,,5,2018-04-17,2020-06-12,白眞勲,全国,比例区,ok,wikipedia,
長尾敬,ながおたかし,衆議院,自由民主党,,5,2015-05-22,2018-06-01,長尾敬,大阪14区,,ok,wikipedia,
こやり隆史,こやりたかし,参議院,自由民主党・こころ,国土交通大臣政務官,5,2018-03-15,2024-06-04,小鑓隆史,滋賀県,,ok,wikipedia,
佐々木隆博,ささきたかひろ,衆議院,民進党・無所属クラブ,,5,2016-11-01,2019-04-18,佐々木隆博,北海道,第6区,ok,wikipedia,
諏訪園健司,,衆議院,,厚生労働省大臣官房審議官,5,2017-02-22,2019-03-26,諏訪園健司,,,no_district,,
高階恵美子,たかがいえみこ,参議院,自由民主党,厚生労働大臣政務官,5,2014-10-17,2019-05-07,髙階恵美子,島根県,第1区,ok,wikipedia,
柏倉祐司,かしわくらゆうじ,衆議院,みんなの党,,5,2014-04-04,2014-11-07,柏倉祐司,栃木1区,,ok,wikipedia,
郡司彰,ぐんじあきら,参議院,民主党・新緑風会,,5,2014-05-20,2020-12-01,郡司彰,茨城県,,ok,wikipedia,
麻生太郎,あそうたろう,参議院,自由民主党,財務大臣・内閣府特命担当大臣（金融）,5,2013-11-28,2019-11-07,麻生太郎,,,no_district,,
渡辺周,わたなべしゅう,衆議院,民進党・無所属クラブ,,5,2017-05-31,2024-05-16,渡辺周,{{Plainlist|,,ok,wikipedia,
細田博之,ほそだひろゆき,衆議院,無所属,議長,5,2016-04-27,2023-05-09,細田博之,,,no_district,,
木内孝胤,きうちたかたね,衆議院,民主・維新・無所属クラブ,,5,2015-05-15,2016-02-23,木内孝胤,全国,比例区,ok,wikipedia,
松本剛明,まつもとたけあき,衆議院,自由民主党・無所属の会,総務大臣,5,2014-05-14,2024-04-23,松本剛明,兵庫県,第11区,ok,wikipedia,
樋口尚也,ひぐちなおや,衆議院,公明党,,5,2016-02-25,2016-02-25,樋口尚也,全国,比例区,ok,wikipedia,
国光あやの,くにみつあやの,衆議院,自由民主党,,5,2018-02-26,2022-02-17,国光文乃,茨城6区,,ok,wikipedia,
山田賢司,やまだけんじ,衆議院,自由民主党・無所属の会,外務大臣政務官,5,2017-02-22,2018-11-14,山田賢司,兵庫県,第7区,ok,wikipedia,
宮地毅,,衆議院,,総務省大臣官房総括審議官,5,2018-06-05,2019-04-23,宮地毅,,,no_district,,
アントニオ猪木,あんとにおいのき,参議院,日本維新の会・結いの党,,5,2014-05-13,2017-06-15,アントニオ猪木,全国,比例区,ok,wikipedia,
稲田朋美,いなだともみ,衆議院,自由民主党・無所属の会,,4,2018-10-29,2024-05-15,稲田朋美,福井県,第1区,ok,wikipedia,
勝目康,かつめやすし,衆議院,自由民主党・無所属の会,,4,2024-04-17,2024-05-10,勝目康,京都府,第1区,ok,wikipedia,
寺田学,てらたまなぶ,衆議院,立憲民主党・無所属,,4,2021-04-23,2024-05-08,寺田学,全国,比例区,ok,wikipedia,
永岡桂子,ながおかけいこ,参議院,自由民主党・無所属の会,文部科学大臣,4,2015-04-07,2023-05-25,永岡桂子,全国,比例区,ok,wikipedia,
市村浩一郎,いちむらこういちろう,衆議院,日本維新の会,,4,2022-04-22,2023-04-24,市村浩一郎,全国,比例区,ok,wikipedia,
野間健,のまたけし,衆議院,立憲民主党・無所属,,4,2022-04-20,2022-04-20,野間健,鹿児島県,第3区,ok,wikipedia,
山際大志郎,やまぎわだいしろう,衆議院,自由民主党,内閣府特命担当大臣（経済財政政策）,4,2022-01-07,2022-03-04,山際大志郎,神奈川18区,,ok,wikipedia,
伊佐進一,いさしんいち,衆議院,公明党,,4,2017-04-19,2022-02-18,伊佐進一,全国,比例区,ok,wikipedia,
斉木武志,さいきたけし,衆議院,立憲民主党・無所属,,4,2021-05-14,2021-06-09,斉木武志,福井県,第2区,ok,wikipedia,
石垣のりこ,いしがきのりこ,参議院,立憲民主・社民,,4,2020-02-19,2023-03-17,石垣のりこ,宮城県,,ok,wikipedia,
磯崎仁彦,いそざきよしひこ,参議院,自由民主党・国民の声,経済産業副大臣・内閣府副大臣,4,2019-04-10,2021-04-27,磯﨑仁彦,香川県,,ok,wikipedia,
中谷真一,なかたにしんいち,衆議院,自由民主党・無所属の会,,4,2016-02-25,2021-02-26,中谷真一,山梨1区,,ok,wikipedia,
下野六太,しものろくた,参議院,公明党,,4,2020-06-16,2021-02-17,下野六太,福岡県,,ok,wikipedia,
難波奨二,なんばしょうじ,参議院,立憲・国民．新緑風会・社民,,4,2014-06-03,2020-04-27,難波奨二,全国,比例区,ok,wikipedia,
長浜博行,ながはまひろゆき,参議院,立憲・国民．新緑風会・社民,,4,2018-03-22,2020-04-02,長浜博行,千葉県,,ok,wikipedia,
玄葉光一郎,げんばこういちろう,衆議院,立憲民主・国民・社保・無所属フォーラム,外務大臣,4,2012-08-20,2020-03-06,玄葉光一郎,,,no_district,,
木村哲也,きむらてつや,衆議院,自由民主党・無所属の会,,4,2019-06-05,2020-02-25,木村哲也,,,no_district,,
渡邊厚夫,,参議院,,農林水産大臣官房輸出促進審議官,4,2018-11-27,2019-04-24,渡邊厚夫,,,no_district,,
伊波洋一,いはよういち,参議院,沖縄の風,,4,2019-01-24,2019-01-24,伊波洋一,沖縄県,,ok,wikipedia,
山下芳生,やましたよしき,参議院,日本共産党,,4,2014-05-27,2020-05-28,山下芳生,全国,比例区,ok,wikipedia,
伊藤渉,いとうわたる,衆議院,公明党,,4,2014-05-16,2018-11-26,伊藤渉,全国,比例区,ok,wikipedia,
浦野靖人,うらのやすと,衆議院,日本維新の会,,4,2014-06-18,2019-04-24,浦野靖人,大阪15区,,ok,wikipedia,
繁本護,しげもとまもる,衆議院,自由民主党,,4,2018-11-14,2018-11-14,繁本護,京都府,第3区,ok,wikipedia,
佐藤英道,さとうひでみち,衆議院,公明党,,4,2014-05-23,2018-06-07,佐藤英道,全国,比例区,ok,wikipedia,
若松謙維,わかまつかねしげ,参議院,公明党,,4,2018-03-22,2018-05-15,若松謙維,全国,比例区,ok,wikipedia,
そのだ修光,そのだしゅうこう,参議院,自由民主党・こころ,,4,2016-11-17,2017-05-25,そのだ修光,,,no_district,,
桝屋敬悟,ますやけいご,衆議院,公明党,厚生労働副大臣,4,2013-03-13,2017-04-21,桝屋敬悟,全国,比例区,ok,wikipedia,
藤澤勝博,,衆議院,,厚生労働省大臣官房審議官,4,2016-10-21,2016-10-21,藤澤勝博,,,no_district,,
石関貴史,いしぜきたかし,衆議院,民主・維新・無所属クラブ,,4,2016-02-25,2016-02-25,石関貴史,全国,比例区,ok,wikipedia,
奥野信亮,おくのしんすけ,衆議院,自由民主党,法務副大臣,4,2014-02-18,2015-09-25,奥野信亮,全国,比例区,ok,wikipedia,
江崎鐵磨,えさきてつま,衆議院,自由民主党,,4,2014-05-23,2014-06-20,江﨑鐵磨,愛知県,第10区,ok,wikipedia,
瀬戸隆一,せとたかかず,衆議院,自由民主党,,4,2013-06-13,2014-02-26,瀬戸隆一,全国,比例区,ok,wikipedia,
古川元久,ふるかわもとひさ,衆議院,民主党・無所属クラブ,,4,2014-02-13,2024-05-22,古川元久,愛知県,第2区,ok,wikipedia,
内田俊彦,,衆議院,,厚生労働省大臣官房審議官,4,2013-03-21,2013-03-21,内田俊彦,,,no_district,,
森屋隆,もりやたかし,参議院,立憲民主・社民,,4,2021-05-11,2024-06-06,森屋隆,全国,比例区,ok,wikipedia,
金子容三,かねこようぞう,衆議院,自由民主党・無所属の会,,4,2024-02-27,2024-05-13,金子容三,長崎県,第3区,ok,wikipedia,
神谷裕,かみやひろし,衆議院,立憲民主党・無所属,,4,2022-03-02,2024-04-25,神谷裕,北海道,第10区,ok,wikipedia,
竹内真二,たけうちしんじ,参議院,公明党,,4,2020-02-19,2023-05-25,竹内真二,全国,比例区,ok,wikipedia,
中谷一馬,なかたにかずま,衆議院,立憲民主党・無所属,,4,2019-11-06,2021-04-23,中谷一馬,神奈川県,第7区,ok,wikipedia,
関健一郎,せきけんいちろう,衆議院,国民民主党・無所属クラブ,,4,2019-02-27,2019-02-27,関健一郎,全国,比例区,ok,wikipedia,
藤巻健史,ふじまきたけし,参議院,日本維新の会,,4,2017-01-31,2018-11-26,藤巻健史,全国,比例区,ok,wikipedia,
松沢成文,まつざわしげふみ,参議院,希望の党,,4,2018-11-15,2023-11-30,松沢成文,神奈川県,,ok,wikipedia,
藤末健三,ふじすえけんぞう,参議院,民主党・新緑風会,,4,2014-06-05,2022-03-16,藤末健三,全国,比例区,ok,wikipedia,
馬場成志,ばばせいし,参議院,自由民主党・国民の声,総務副大臣,4,2022-04-28,2024-04-05,馬場成志,熊本県,,ok,wikipedia,
城内実,きうちみのる,衆議院,自由民主党,,4,2022-03-04,2022-04-20,城内実,静岡県,第7区,ok,wikipedia,
梶山弘志,かじやまひろし,参議院,自由民主党・無所属の会,経済産業大臣・内閣府特命担当大臣（原子力損害賠償・廃炉等支援機構）,4,2018-05-11,2021-06-03,梶山弘志,茨城県,第4区,ok,wikipedia,
松本文明,まつもとふみあき,衆議院,自由民主党・無所属の会,,4,2019-12-09,2020-09-18,松本文明,全国,比例区,ok,wikipedia,
小川淳也,おがわじゅんや,衆議院,立憲民主党・無所属,,4,2013-11-13,2024-06-18,小川淳也,香川1区,,ok,wikipedia,
志野光子,,衆議院,,外務省大臣官房審議官,4,2019-03-13,2019-05-15,志野光子,,,no_district,,
河野義博,かわのよしひろ,参議院,公明党,,4,2023-11-09,2024-12-19,河野義博,,,no_district,,
古屋圭司,ふるやけいじ,衆議院,自由民主党,国家公安委員会委員長・内閣府特命担当大臣（防災）,4,2014-05-27,2014-06-18,古屋圭司,岐阜県,第5区,ok,wikipedia,
北村経夫,きたむらつねお,参議院,自由民主党,,3,2024-05-28,2024-05-28,北村経夫,山口県,,ok,wikipedia,
神津たけし,こうづたけし,衆議院,立憲民主党・無所属,,3,2023-04-24,2024-05-13,神津健,長野県,第3区,ok,wikipedia,
堂故茂,どうこしげる,衆議院,自由民主党,国土交通副大臣・内閣府副大臣・復興副大臣,3,2023-11-15,2024-05-08,堂故茂,富山県,,ok,wikipedia,
武村展英,たけむらのぶひで,衆議院,自由民主党・無所属の会,農林水産副大臣,3,2024-05-08,2024-05-29,武村展英,滋賀県,第3区,ok,wikipedia,
山口那津男,やまぐちなつお,参議院,公明党,,3,2018-10-31,2023-10-26,山口那津男,東京都,,ok,wikipedia,
中条きよし,なかじょうきよし,参議院,日本維新の会,,3,2023-04-26,2023-05-25,中条きよし,全国,比例区,ok,wikipedia,
熊谷裕人,くまがいひろと,参議院,立憲民主・社民,,3,2021-03-10,2023-05-25,熊谷裕人,埼玉県,,ok,wikipedia,
長友慎治,ながともしんじ,衆議院,国民民主党・無所属クラブ,,3,2023-04-27,2024-04-19,長友慎治,宮崎県,第2区,ok,wikipedia,
仁木博文,にきひろぶみ,衆議院,有志の会,,3,2022-02-15,2023-04-19,仁木博文,徳島県,第1区,ok,wikipedia,
篠原孝,しのはらたかし,衆議院,立憲民主党・無所属,,3,2015-06-05,2023-03-29,篠原孝,長野1区,,ok,wikipedia,
加藤竜祥,かとうりゅうしょう,衆議院,自由民主党,,3,2022-11-02,2022-11-02,加藤竜祥,長崎県,第2区,ok,wikipedia,
嘉田由紀子,かだゆきこ,参議院,碧水会,,3,2019-11-12,2022-06-10,嘉田由紀子,全国,比例区,ok,wikipedia,
住吉寛紀,すみよしひろき,衆議院,日本維新の会,,3,2022-04-28,2023-11-08,住吉寛紀,全国,比例区,ok,wikipedia,
古川康,ふるかわやすし,衆議院,自由民主党,,3,2020-03-17,2022-02-16,古川康,佐賀2区,,ok,wikipedia,
神田潤一,かんだじゅんいち,衆議院,自由民主党,,3,2022-02-16,2022-02-16,神田潤一,青森県,第2区,ok,wikipedia,
出倉功一,,衆議院,,農林水産省大臣官房参事官,3,2020-04-14,2022-05-24,出倉功一,,,no_district,,
北村誠吾,きたむらせいご,衆議院,自由民主党・無所属の会,内閣府特命担当大臣（規制改革・地方創生）,3,2019-11-19,2020-04-07,北村誠吾,長崎4区,,ok,wikipedia,
熊野正士,くまのせいし,参議院,公明党,農林水産大臣政務官,3,2020-04-06,2022-04-06,熊野正士,全国,比例区,ok,wikipedia,
野中厚,のなかあつし,衆議院,自由民主党,農林水産大臣政務官,3,2018-04-04,2020-03-05,野中厚,埼玉12区,,ok,wikipedia,
宮嵜雅則,,衆議院,,厚生労働省大臣官房生活衛生・食品安全審議官,3,2018-11-29,2019-03-13,宮嵜雅則,,,no_district,,
岩井茂樹,いわいしげき,参議院,自由民主党・国民の声,,3,2019-02-14,2019-03-12,岩井茂樹,,,no_district,,
太田昌孝,おおたまさたか,衆議院,公明党,,3,2019-02-20,2019-04-17,太田昌孝,,,no_district,,
佐藤正久,さとうまさひさ,参議院,自由民主党・たちあがれ日本・無所属の会,外務副大臣,3,2012-08-22,2019-02-14,佐藤正久,全国,比例区,ok,wikipedia,
関芳弘,せきよしひろ,衆議院,自由民主党,経済産業副大臣,3,2018-11-21,2018-11-21,関芳弘,兵庫県,第3区,ok,wikipedia,
小林洋司,,衆議院,,厚生労働省大臣官房審議官,3,2018-03-30,2018-06-01,小林洋司,,,no_district,,
舞立昇治,まいたちしょうじ,参議院,自由民主党,,3,2014-05-29,2018-03-20,舞立昇治,全国,比例区,ok,wikipedia,
中島克仁,なかじまかつひと,衆議院,民進党・無所属クラブ,,3,2017-03-08,2019-11-06,中島克仁,山梨1区,,ok,wikipedia,
吉本明子,,参議院,,厚生労働大臣官房審議官,3,2016-11-17,2016-11-17,吉本明子,,,no_district,,
薬師寺みちよ,やくしじみちよ,参議院,無所属クラブ,,3,2016-11-10,2016-11-10,薬師寺道代,愛知県,,ok,wikipedia,
山本順三,やまもとじゅんぞう,参議院,自由民主党,国家公安委員会委員長・内閣府特命担当大臣（防災）,3,2014-04-23,2019-03-28,山本順三,| 当選回数 =,,ok,wikipedia,
大西康之,,衆議院,,厚生労働省大臣官房審議官,3,2016-04-19,2016-05-13,大西康之,,,no_district,,
とかしきなおみ,とかしきなおみ,衆議院,自由民主党・無所属の会,厚生労働副大臣,3,2016-04-28,2021-05-28,渡嘉敷奈緒美,全国,比例区,ok,wikipedia,
若狭勝,わかさまさる,衆議院,自由民主党,,3,2016-04-22,2016-04-22,若狭勝,東京10区,,ok,wikipedia,
林幹雄,はやしもとお,衆議院,自由民主党,,3,2015-09-03,2015-09-25,林幹雄,千葉10区,,ok,wikipedia,
畑浩治,はたこうじ,衆議院,生活の党,,3,2014-05-27,2014-05-27,畑浩治,全国,比例区,ok,wikipedia,
太田昭宏,おおたあきひろ,衆議院,公明党,国土交通大臣,3,2014-03-03,2014-06-16,太田昭宏,東京都,第12区,ok,wikipedia,
佐藤茂樹,さとうしげき,参議院,公明党,厚生労働副大臣,3,2014-02-06,2014-03-25,佐藤茂樹,,,no_district,,
山田俊男,やまだとしお,参議院,自由民主党,,3,2012-03-22,2018-04-16,山田俊男,全国,比例区,ok,wikipedia,
古屋範子,ふるやのりこ,衆議院,公明党,,3,2012-04-13,2022-05-11,古屋範子,全国,比例区,ok,wikipedia,
自見はなこ,じみはなこ,参議院,自由民主党・国民の声,内閣府特命担当大臣（沖縄及び北方対策・消費者及び食品安全・地方創生・アイヌ施策）,3,2018-11-15,2023-12-11,自見英子,全国,比例区,ok,wikipedia,
笠浩史,りゅうひろふみ,衆議院,立憲民主党・無所属,,3,2019-03-15,2023-04-26,笠浩史,全国,比例区,ok,wikipedia,
室井邦彦,むろいくにひこ,参議院,日本維新の会,,3,2018-04-04,2021-05-11,室井邦彦,全国,比例区,ok,wikipedia,
徳茂雅之,とくしげまさゆき,参議院,自由民主党・国民の声,,3,2019-03-12,2019-03-12,徳茂雅之,全国,比例区,ok,wikipedia,
西岡秀子,にしおかひでこ,衆議院,国民民主党・無所属クラブ,,3,2019-02-27,2023-05-10,西岡秀子,長崎県,第1区,ok,wikipedia,
松下新平,まつしたしんぺい,参議院,自由民主党・国民の声,,3,2019-02-27,2019-05-20,松下新平,宮崎県,,ok,wikipedia,
二之湯武史,にのゆたけし,参議院,自由民主党・国民の声,,3,2018-11-26,2018-11-26,二之湯武史,滋賀県,,ok,wikipedia,
金子原二郎,かねこげんじろう,衆議院,自由民主党・国民の声,農林水産大臣,3,2018-11-07,2022-03-17,金子原二郎,長崎県,,ok,wikipedia,
川内博史,かわうちひろし,衆議院,立憲民主党・市民クラブ,,3,2018-03-02,2018-05-11,川内博史,鹿児島県,第1区,ok,wikipedia,
菅家一郎,かんけいちろう,衆議院,自由民主党,,3,2015-03-20,2018-03-20,菅家一郎,全国,比例区,ok,wikipedia,
大見正,おおみせい,衆議院,自由民主党,,3,2018-02-23,2018-05-18,大見正,全国,比例区,ok,wikipedia,
横山博幸,よこやまひろゆき,衆議院,維新の党,,3,2015-03-10,2017-05-16,横山博幸,全国,比例区,ok,wikipedia,
中丸啓,なかまるひろむ,衆議院,日本維新の会,,3,2014-03-28,2014-11-07,中丸啓,全国,比例区,ok,wikipedia,
勝俣孝明,かつまたたかあき,衆議院,自由民主党・無所属の会,,3,2024-03-13,2024-04-24,勝俣孝明,静岡県,第6区,ok,wikipedia,
音喜多駿,おときたしゅん,参議院,日本維新の会,,3,2023-05-23,2023-06-09,音喜多駿,東京都,,ok,wikipedia,
石井準一,いしいじゅんいち,参議院,自由民主党・国民の声,,3,2018-10-31,2023-05-12,石井準一,千葉県,,ok,wikipedia,
浮島智子,うきしまともこ,衆議院,公明党,文部科学副大臣・内閣府副大臣,3,2019-02-07,2022-03-02,浮島とも子,全国,比例区,ok,wikipedia,
吉野正芳,よしのまさよし,衆議院,自由民主党・無所属の会,,3,2019-12-05,2020-03-17,吉野正芳,福島5区,,ok,wikipedia,
下村博文,しもむらはくぶん,参議院,自由民主党,文部科学大臣,3,2013-05-08,2015-05-26,下村博文,東京都,第11区,ok,wikipedia,
宮澤博行,みやざわひろゆき,衆議院,自由民主党,,3,2014-03-19,2014-03-19,宮澤博行,全国,比例区,ok,wikipedia,
松山政司,まつやままさじ,参議院,自由民主党,外務副大臣,3,2013-06-06,2019-05-15,松山政司,福岡県,,ok,wikipedia,
長井総和,,衆議院,,国土交通省大臣官房審議官,3,2023-11-09,2024-04-24,長井総和,,,no_district,,
金井正彰,,衆議院,,外務省大臣官房国際文化交流審議官,3,2023-02-20,2023-05-25,金井正彰,,,no_district,,
萩生田光一,はぎうだこういち,衆議院,自由民主党・無所属の会,文部科学大臣,3,2019-12-05,2022-02-16,萩生田光一,東京都,第24区,ok,wikipedia,
丹羽秀樹,にわひでき,衆議院,自由民主党・無所属の会,文部科学副大臣・内閣府副大臣,3,2019-03-01,2021-03-09,丹羽秀樹,愛知県,第6区,ok,wikipedia,
亀井亜紀子,かめいあきこ,衆議院,立憲民主党・市民クラブ,,3,2018-06-08,2020-03-19,亀井亜紀子,,,no_district,,
鰐淵洋子,わにぶちようこ,衆議院,公明党,,3,2018-11-14,2018-11-14,鰐淵洋子,全国,比例区,ok,wikipedia,
近藤洋介,こんどうようすけ,衆議院,民主党・無所属クラブ,,3,2014-05-09,2014-06-18,近藤洋介,,,no_district,,
吉田はるみ,よしだはるみ,衆議院,立憲民主党・無所属,,3,2023-04-18,2023-04-18,吉田はるみ,,,no_district,,
勝野美江,,参議院,,農林水産省大臣官房審議官,2,2024-06-11,2024-06-11,勝野美江,,,no_district,,
蒔苗浩司,,参議院,,国土交通省大臣官房審議官,2,2024-06-06,2024-06-11,蒔苗浩司,,,no_district,,
青島健太,あおしまけんた,参議院,日本維新の会・教育無償化を実現する会,,2,2024-05-20,2024-05-24,青島健太,全国,比例区,ok,wikipedia,
馬淵澄夫,まぶちすみお,衆議院,立憲民主党・無所属,,2,2024-05-22,2024-05-22,馬淵澄夫,奈良県,第1区,ok,wikipedia,
中野英幸,なかのひでゆき,参議院,自由民主党・無所属の会,法務大臣政務官,2,2024-05-09,2024-05-14,中野英幸,埼玉7区,,ok,wikipedia,
中西祐介,なかにしゆうすけ,参議院,自由民主党,,2,2021-05-12,2024-04-12,中西祐介,徳島県・高知県,,ok,wikipedia,
山崎正恭,やまさきまさやす,衆議院,公明党,,2,2023-04-26,2023-11-08,山崎正恭,全国,比例区,ok,wikipedia,
江田憲司,えだけんじ,衆議院,立憲民主党・無所属,,2,2023-06-12,2023-06-13,江田憲司,神奈川県,第8区,ok,wikipedia,
森山浩行,もりやまひろゆき,衆議院,立憲民主党・無所属,,2,2012-07-20,2023-05-10,森山浩行,全国,比例区,ok,wikipedia,
船橋利実,ふなはしとしみつ,参議院,自由民主党,,2,2019-03-27,2023-03-30,船橋利実,北海道,,ok,wikipedia,
鈴木貴子,すずきたかこ,参議院,自由民主党,外務副大臣,2,2015-09-03,2022-06-07,鈴木貴子,,,no_district,,
上田清司,うえだきよし,参議院,国民民主党・新緑風会,,2,2022-03-24,2022-06-07,上田清司,埼玉県,,ok,wikipedia,
芳賀道也,はがみちや,参議院,国民民主党・新緑風会,,2,2022-04-25,2024-03-22,芳賀道也,山形県,,ok,wikipedia,
足立敏之,あだちとしゆき,参議院,自由民主党・国民の声,,2,2018-11-28,2022-03-08,足立敏之,全国,比例区,ok,wikipedia,
藤川政人,ふじかわまさひと,参議院,自由民主党・国民の声,,2,2022-02-24,2022-02-24,藤川政人,愛知県,,ok,wikipedia,
平沼正二郎,ひらぬましょうじろう,衆議院,自由民主党,,2,2022-02-17,2022-02-17,平沼正二郎,全国,比例区,ok,wikipedia,
柳ヶ瀬裕文,やながせひろふみ,参議院,日本維新の会,,2,2021-12-21,2022-12-06,柳ヶ瀬裕文,全国,比例区,ok,wikipedia,
石月英雄,,衆議院,,外務省大臣官房参事官,2,2021-04-20,2021-04-21,石月英雄,,,no_district,,
辻清人,つじきよと,衆議院,自由民主党・無所属の会,外務副大臣,2,2021-03-17,2024-04-02,辻清人,東京都,第2区,ok,wikipedia,
鈴木憲和,すずきのりかず,衆議院,自由民主党・無所属の会,農林水産副大臣,2,2021-02-26,2024-04-04,鈴木憲和,山形県,第2区,ok,wikipedia,
井内雅明,,参議院,,厚生労働省大臣官房審議官,2,2020-03-26,2020-07-09,井内雅明,,,no_district,,
緑川貴士,みどりかわたかし,衆議院,立憲民主・国民・社保・無所属フォーラム,,2,2018-11-27,2020-05-27,緑川貴士,秋田県,第2区,ok,wikipedia,
大隅洋,,衆議院,,外務省大臣官房参事官,2,2020-02-25,2020-05-22,大隅洋,,,no_district,,
加藤寛治,かとうかんじ,参議院,自由民主党・無所属の会,農林水産副大臣,2,2020-03-26,2020-05-12,加藤寛治,,,no_district,,
松川るい,まつかわるい,参議院,自由民主党・国民の声,,2,2019-06-06,2020-03-26,松川るい,大阪府,,ok,wikipedia,
森田俊和,もりたとしかず,衆議院,立憲民主・国民・社保・無所属フォーラム,,2,2019-03-22,2019-11-13,森田俊和,埼玉県,第12区,ok,wikipedia,
榛葉賀津也,しんばかづや,参議院,国民民主党・新緑風会,,2,2019-05-21,2019-05-21,榛葉賀津也,静岡県,,ok,wikipedia,
上野宏史,うえのひろし,参議院,自由民主党,厚生労働大臣政務官,2,2019-04-09,2019-05-29,上野宏史,全国,比例区,ok,wikipedia,
大串博志,おおぐしひろし,衆議院,立憲民主党・無所属フォーラム,,2,2019-02-20,2022-04-08,大串博志,佐賀県,第2区,ok,wikipedia,
小里泰弘,おざとやすひろ,衆議院,自由民主党,農林水産副大臣,2,2019-01-23,2019-01-23,小里泰弘,全国,比例区,ok,wikipedia,
塚田一郎,つかだいちろう,参議院,自由民主党・国民の声,国土交通副大臣・内閣府副大臣・復興副大臣,2,2018-12-06,2019-04-03,塚田一郎,全国,比例区,ok,wikipedia,
宮沢由佳,みやざわゆか,参議院,立憲民主党・民友会,,2,2018-11-27,2018-11-27,宮沢由佳,山梨県,,ok,wikipedia,
原田義昭,はらだよしあき,参議院,自由民主党,環境大臣・内閣府特命担当大臣（原子力防災）,2,2018-11-27,2018-11-27,原田義昭,福岡県,第5区,ok,wikipedia,
儀間光男,ぎまみつお,参議院,日本維新の会,,2,2015-04-14,2018-11-15,儀間光男,全国,比例区,ok,wikipedia,
礒崎陽輔,いそざきようすけ,衆議院,自由民主党・こころ,農林水産副大臣,2,2018-04-18,2018-04-18,礒崎陽輔,大分県,,ok,wikipedia,
松本洋平,まつもとようへい,衆議院,自由民主党・無所属の会,内閣府副大臣,2,2017-05-17,2017-05-17,松本洋平,東京19区,,ok,wikipedia,
木村弥生,きむらやよい,衆議院,自由民主党・無所属の会,,2,2017-04-10,2019-05-10,木村弥生,全国,比例区,ok,wikipedia,
谷内繁,,衆議院,,厚生労働省大臣官房審議官,2,2016-11-01,2017-02-22,谷内繁,,,no_district,,
務台俊介,むたいしゅんすけ,衆議院,自由民主党・無所属の会,内閣府大臣政務官・復興大臣政務官,2,2016-12-09,2019-04-23,務台俊介,全国,比例区,ok,wikipedia,
神山洋介,かみやまようすけ,衆議院,民進党・無所属クラブ,,2,2016-10-21,2016-10-21,神山洋介,全国,比例区,ok,wikipedia,
河村建夫,かわむらたけお,衆議院,自由民主党,,2,2016-06-01,2016-08-03,河村建夫,山口県,第3区,ok,wikipedia,
上西小百合,うえにしさゆり,衆議院,無所属,,2,2016-05-10,2016-05-10,上西小百合,全国,比例区,ok,wikipedia,
伊東良孝,いとうよしたか,衆議院,自由民主党,農林水産副大臣,2,2016-04-26,2024-03-26,伊東良孝,全国,比例区,ok,wikipedia,
森山裕,もりやまひろし,衆議院,自由民主党,農林水産大臣,2,2016-04-25,2016-04-25,森山裕,鹿児島県,第4区,ok,wikipedia,
渡辺博道,わたなべひろみち,衆議院,自由民主党,復興大臣,2,2016-04-22,2019-06-11,渡辺博道,| 内閣 = 第4次安倍内閣 (第1次改造)<hr />第2次岸田内閣 (第1次改造),,ok,wikipedia,
竹内譲,たけうちゆずる,参議院,公明党,厚生労働副大臣,2,2016-04-21,2020-11-02,竹内譲,全国,比例区,ok,wikipedia,
三ッ林裕巳,みつばやしひろみ,衆議院,自由民主党,厚生労働大臣政務官,2,2014-05-23,2016-04-15,三ッ林裕巳,埼玉県,第13区,ok,wikipedia,
長峯誠,ながみねまこと,参議院,自由民主党,経済産業大臣政務官・内閣府大臣政務官,2,2015-08-04,2023-06-07,長峯誠,宮崎県,,ok,wikipedia,
中原八一,なかはらやいち,参議院,自由民主党,,2,2015-05-11,2015-05-11,中原八一,新潟県,,ok,wikipedia,
末松信介,すえまつしんすけ,参議院,自由民主党,文部科学大臣,2,2015-04-01,2022-05-12,末松信介,兵庫県,,ok,wikipedia,
西村まさみ,にしむらまさみ,参議院,民主党・新緑風会,,2,2014-06-09,2014-06-12,西村正美,全国,比例区,ok,wikipedia,
土井亨,どいとおる,衆議院,自由民主党,国土交通大臣政務官,2,2014-05-16,2020-03-06,土井亨,宮城県,第1区,ok,wikipedia,
大島敦,おおしまあつし,衆議院,民主党・無所属クラブ,,2,2014-04-23,2014-04-23,大島敦,全国,比例区,ok,wikipedia,
杉本かずみ,すぎもとかずみ,衆議院,みんなの党,,2,2014-02-21,2014-03-26,杉本かずみ,,,no_district,,
神山佐市,かみやまさいち,衆議院,自由民主党,,2,2014-02-21,2014-02-21,神山佐市,埼玉県,第7区,ok,wikipedia,
中村博彦,なかむらひろひこ,参議院,自由民主党・たちあがれ日本・無所属の会,,2,2012-01-30,2012-03-22,中村博彦,全国,比例区,ok,wikipedia,
吉川里奈,よしかわりな,衆議院,参政党,,2,2024-12-12,2024-12-12,吉川里奈,全国,比例区,ok,wikipedia,
赤木正幸,あかぎまさゆき,衆議院,日本維新の会・教育無償化を実現する会,,2,2024-05-20,2024-05-20,赤木正幸,全国,比例区,ok,wikipedia,
金城泰邦,きんじょうやすくに,衆議院,公明党,,2,2022-03-17,2023-06-13,金城泰邦,全国,比例区,ok,wikipedia,
上野通子,うえのみちこ,参議院,自由民主党,,2,2023-05-25,2023-05-25,上野通子,栃木県,,ok,wikipedia,
前原誠司,まえはらせいじ,衆議院,国民民主党・無所属クラブ,,2,2022-11-02,2023-03-15,前原誠司,京都府,第2区,ok,wikipedia,
芝博一,しばひろかず,参議院,立憲民主・社民,,2,2021-06-04,2022-06-08,芝博一,三重県,,ok,wikipedia,
小林洋子,,参議院,,厚生労働省大臣官房審議官,2,2021-04-08,2021-04-08,小林洋子,,,no_district,,
細田健一,ほそだけんいち,衆議院,自由民主党・無所属の会,農林水産大臣政務官,2,2017-04-21,2021-03-01,細田健一,全国,比例区,ok,wikipedia,
井林辰憲,いばやしたつのり,衆議院,自由民主党・無所属の会,,2,2019-02-27,2021-02-25,井林辰憲,静岡県,第2区,ok,wikipedia,
あきもと司,あきもとつかさ,参議院,自由民主党,環境副大臣・内閣府副大臣,2,2019-04-02,2019-04-04,秋元司,東京都,第15区,ok,wikipedia,
遠藤敬,えんどうたかし,衆議院,日本維新の会,,2,2019-02-28,2019-02-28,遠藤敬,大阪府,第18区,ok,wikipedia,
小泉進次郎,こいずみしんじろう,衆議院,自由民主党,内閣府大臣政務官・復興大臣政務官,2,2015-05-12,2019-02-04,小泉進次郎,神奈川県,第11区,ok,wikipedia,
神本美恵子,かみもとみえこ,参議院,立憲民主党・民友会,,2,2018-11-15,2018-11-15,神本美恵子,全国,比例区,ok,wikipedia,
杉尾秀哉,すぎおひでや,参議院,民進党・新緑風会,,2,2017-06-06,2022-03-02,杉尾秀哉,長野県,,ok,wikipedia,
本村賢太郎,もとむらけんたろう,衆議院,民進党・無所属クラブ,,2,2016-02-25,2017-04-10,本村賢太郎,全国,比例区,ok,wikipedia,
森本真治,もりもとしんじ,参議院,民進党・新緑風会,,2,2014-06-17,2016-12-13,森本真治,広島県,,ok,wikipedia,
國場幸之助,こくばこうのすけ,衆議院,自由民主党,,2,2016-02-25,2020-02-25,國場幸之助,沖縄1区,,ok,wikipedia,
甘利明,あまりあきら,参議院,自由民主党,内閣府特命担当大臣（経済財政政策）,2,2013-04-10,2016-01-15,甘利明,,,no_district,,
中野正志,なかのまさし,参議院,次世代の党,,2,2015-06-30,2016-11-22,中野正志,全国,比例区,ok,wikipedia,
宮沢隆仁,みやざわたかひと,衆議院,次世代の党,,2,2014-11-05,2014-11-05,宮沢隆仁,全国,比例区,ok,wikipedia,
輿水恵一,こしみずけいいち,衆議院,公明党,,2,2014-06-04,2015-05-29,輿水恵一,全国,比例区,ok,wikipedia,
渡辺美知太郎,わたなべみちたろう,参議院,みんなの党,,2,2014-05-20,2014-05-20,渡辺美知太郎,全国,比例区,ok,wikipedia,
藤井基之,ふじいもとゆき,参議院,自由民主党・無所属の会,,2,2013-02-27,2013-02-27,藤井基之,全国,比例区,ok,wikipedia,
中山展宏,なかやまのりひろ,衆議院,自由民主党・無所属の会,,2,2021-03-18,2023-02-22,中山展宏,全国,比例区,ok,wikipedia,
安江伸夫,やすえのぶお,参議院,公明党,,2,2022-03-29,2022-04-14,安江伸夫,愛知県,,ok,wikipedia,
あかま二郎,あかまじろう,衆議院,自由民主党・無所属の会,,2,2021-04-21,2021-05-12,赤間二郎,神奈川県,第14区,ok,wikipedia,
安東義雄,,衆議院,,外務省大臣官房参事官,2,2021-04-09,2022-03-02,安東義雄,,,no_district,,
松原仁,まつばらじん,衆議院,立憲民主党・無所属,国家公安委員会委員長・内閣府特命担当大臣（消費者及び食品安全）,2,2012-09-03,2021-02-26,松原仁,東京都,第26区,ok,wikipedia,
保坂和人,,参議院,,法務省大臣官房審議官,2,2020-06-12,2020-11-18,保坂和人,,,no_district,,
山内康一,やまうちこういち,衆議院,立憲民主・国民・社保・無所属フォーラム,,2,2012-04-18,2020-02-25,山内康一,全国,比例区,ok,wikipedia,
笠井亮,かさいあきら,衆議院,日本共産党,,2,2014-05-14,2018-11-28,笠井亮,全国,比例区,ok,wikipedia,
星野剛士,ほしのつよし,衆議院,自由民主党,経済産業大臣政務官・内閣府大臣政務官・復興大臣政務官,2,2016-05-19,2018-11-27,星野剛士,神奈川県,第12区,ok,wikipedia,
武正公一,たけまさこういち,衆議院,民進党・無所属クラブ,,2,2017-04-21,2017-04-21,武正公一,全国,比例区,ok,wikipedia,
富山聡,,参議院,,法務大臣官房審議官,2,2016-04-20,2016-05-12,富山聡,,,no_district,,
藤本祐司,ふじもとゆうじ,参議院,民主党・新緑風会,,2,2015-03-24,2015-04-01,藤本祐司,静岡県,,ok,wikipedia,
山本一太,やまもといちた,参議院,自由民主党,内閣府特命担当大臣（沖縄及び北方対策・科学技術政策・宇宙政策）,2,2013-05-30,2014-11-13,山本一太,群馬県,,ok,wikipedia,
伊吹文明,いぶきぶんめい,衆議院,無所属,議長,2,2014-05-29,2014-05-29,伊吹文明,,,no_district,,
河野章,,参議院,,外務大臣官房参事官,2,2014-04-16,2014-05-27,河野章,,,no_district,,
岸信夫,きしのぶお,参議院,自由民主党,外務副大臣,2,2013-12-03,2013-12-03,岸信夫,山口県,第2区,ok,wikipedia,
石原大,,参議院,,国土交通省大臣官房公共交通政策審議官,2,2024-02-27,2024-05-30,石原大,,,no_district,,
三上えり,みかみえり,参議院,立憲民主・社民,,2,2024-04-04,2024-05-30,三上えり,,,no_district,,
長徳英晶,,衆議院,,外務省大臣官房参事官,2,2024-05-17,2024-05-17,長徳英晶,,,no_district,,
安藤高夫,あんどうたかお,衆議院,自由民主党・無所属の会,,2,2019-02-27,2020-05-20,安藤高夫,東京都,第28区,ok,wikipedia,
越智隆雄,おちたかお,衆議院,自由民主党・無所属の会,,2,2019-10-23,2019-10-23,越智隆雄,全国,比例区,ok,wikipedia,
新川達也,,参議院,,経済産業大臣官房原子力事故災害対処審議官,2,2019-05-14,2019-05-21,新川達也,,,no_district,,
宮腰光寛,みやこしみつひろ,衆議院,自由民主党,内閣府特命担当大臣（沖縄及び北方対策・消費者及び食品安全・少子化対策・海洋政策）,2,2019-03-15,2019-04-23,宮腰光寛,富山県,第2区,ok,wikipedia,
田中昌史,たなかまさし,参議院,自由民主党,,2,2023-05-16,2024-05-30,田中昌史,全国,比例区,ok,wikipedia,
赤池誠章,あかいけまさあき,参議院,自由民主党,,2,2016-04-19,2024-05-27,赤池誠章,全国,比例区,ok,wikipedia,
五十嵐清,いがらしきよし,衆議院,自由民主党・無所属の会,,2,2024-04-17,2024-04-17,五十嵐清,,,no_district,,
津島淳,つしまじゅん,参議院,自由民主党,法務副大臣,2,2022-02-25,2022-03-03,津島淳,青森県,第1区,ok,wikipedia,
竹谷とし子,たけやとしこ,参議院,公明党,,2,2019-06-03,2021-05-07,竹谷とし子,東京都,,ok,wikipedia,
阿達雅志,あだちまさし,参議院,自由民主党・国民の声,国土交通大臣政務官・内閣府大臣政務官,2,2018-12-06,2018-12-06,阿達雅志,全国,比例区,ok,wikipedia,
牧島かれん,まきしまかれん,衆議院,自由民主党・無所属の会,内閣府大臣政務官,2,2016-04-25,2017-05-16,牧島かれん,神奈川県,第17区,ok,wikipedia,
松村祥史,まつむらよしふみ,衆議院,自由民主党,国家公安委員会委員長・内閣府特命担当大臣（防災・海洋政策）,2,2024-02-22,2024-02-26,松村祥史,熊本県,,ok,wikipedia,
上野賢一郎,うえのけんいちろう,衆議院,自由民主党,,2,2022-06-15,2022-08-05,上野賢一郎,滋賀県,第2区,ok,wikipedia,
木原誠二,きはらせいじ,衆議院,自由民主党・無所属の会,,2,2020-12-04,2021-06-16,木原誠二,東京都,第20区,ok,wikipedia,
下地幹郎,しもじみきお,衆議院,日本維新の会,,2,2017-02-02,2017-02-02,下地幹郎,全国,比例区,ok,wikipedia,
比嘉奈津美,ひがなつみ,参議院,自由民主党,,1,2024-05-30,2024-05-30,比嘉奈津美,全国,比例区,ok,wikipedia,
浅尾慶一郎,あさおけいいちろう,参議院,自由民主党,,1,2024-05-24,2024-05-24,浅尾慶一郎,神奈川県,,ok,wikipedia,
英利アルフィヤ,えりあるふぃや,衆議院,自由民主党・無所属の会,,1,2024-05-17,2024-05-17,英利アルフィヤ,千葉5区,,ok,wikipedia,
酒井なつみ,さかいなつみ,衆議院,立憲民主党・無所属,,1,2024-05-17,2024-05-17,酒井なつみ,,,no_district,,
新谷正義,しんたにまさよし,衆議院,自由民主党・無所属の会,,1,2024-05-08,2024-05-08,新谷正義,広島県,第4区,ok,wikipedia,
泉潤一,,衆議院,,厚生労働省大臣官房審議官,1,2024-03-13,2024-03-13,泉潤一,,,no_district,,
早坂敦,はやさかあつし,衆議院,日本維新の会・教育無償化を実現する会,,1,2024-02-27,2024-02-27,早坂敦,全国,比例区,ok,wikipedia,
吉田統彦,よしだつねひこ,衆議院,立憲民主党・無所属,,1,2023-12-06,2023-12-06,吉田統彦,全国,比例区,ok,wikipedia,
太栄志,ふとりひでし,衆議院,立憲民主党・無所属,,1,2023-11-08,2023-11-08,太栄志,神奈川県,第13区,ok,wikipedia,
新藤義孝,しんどうよしたか,衆議院,自由民主党・無所属の会,内閣府特命担当大臣（経済財政政策）,1,2023-11-08,2023-11-08,新藤義孝,埼玉2区,,ok,wikipedia,
宮口治子,みやぐちはるこ,参議院,立憲民主・社民,,1,2023-05-25,2023-05-25,宮口治子,広島県,,ok,wikipedia,
谷田川元,やたがわはじめ,衆議院,立憲民主党・無所属,,1,2023-05-15,2023-05-15,谷田川元,全国,比例区,ok,wikipedia,
楠田幹人,,参議院,,国土交通省大臣官房審議官,1,2023-05-15,2023-05-15,楠田幹人,,,no_district,,
若林洋平,わかばやしようへい,参議院,自由民主党,,1,2023-04-13,2023-04-13,若林洋平,静岡県,,ok,wikipedia,
井原巧,いはらたくみ,衆議院,自由民主党・無所属の会,,1,2023-02-16,2023-02-16,井原巧,愛媛県,第2区,ok,wikipedia,
野村哲郎,のむらてつろう,参議院,自由民主党,農林水産大臣,1,2022-12-09,2022-12-09,野村哲郎,鹿児島県,,ok,wikipedia,
青山桂子,,参議院,,厚生労働省大臣官房審議官,1,2022-11-01,2022-11-01,青山桂子,,,no_district,,
岡田恵子,,参議院,,外務省大臣官房審議官,1,2022-05-24,2022-05-24,岡田恵子,,,no_district,,
股野元貞,,参議院,,外務省大臣官房参事官,1,2022-05-24,2022-05-24,股野元貞,,,no_district,,
村山誠,,参議院,,厚生労働省大臣官房総括審議官,1,2022-05-17,2022-05-17,村山誠,,,no_district,,
武井俊輔,たけいしゅんすけ,衆議院,自由民主党,,1,2022-05-11,2022-05-11,武井俊輔,全国,比例区,ok,wikipedia,
中川宏昌,なかがわひろまさ,衆議院,公明党,,1,2022-02-21,2022-02-21,中川宏昌,全国,比例区,ok,wikipedia,
城井崇,きいたかし,衆議院,立憲民主党・無所属,,1,2022-02-18,2022-02-18,城井崇,福岡県,第10区,ok,wikipedia,
塩田博昭,しおたひろあき,参議院,公明党,,1,2022-02-18,2022-02-18,塩田博昭,全国,比例区,ok,wikipedia,
武井貞治,,衆議院,,厚生労働省大臣官房生活衛生・食品安全審議官,1,2022-02-16,2022-02-16,武井貞治,,,no_district,,
深澤陽一,ふかざわよういち,衆議院,自由民主党,厚生労働大臣政務官,1,2022-02-16,2022-02-16,深澤陽一,静岡4区,,ok,wikipedia,
山崎真之輔,やまざきしんのすけ,参議院,国民民主党・新緑風会,,1,2022-02-10,2022-02-10,山﨑真之輔,静岡県,,ok,wikipedia,
富田望,,衆議院,,厚生労働省大臣官房審議官,1,2021-04-20,2021-04-20,富田望,,,no_district,,
田島浩志,,衆議院,,外務省大臣官房審議官,1,2021-03-17,2021-03-17,田島浩志,,,no_district,,
宮内秀樹,みやうちひでき,衆議院,自由民主党・無所属の会,農林水産副大臣,1,2021-03-10,2021-03-10,宮内秀樹,福岡県,第4区,ok,wikipedia,
伊藤信太郎,いとうしんたろう,衆議院,自由民主党・無所属の会,,1,2021-03-09,2021-03-09,伊藤信太郎,全国,比例区,ok,wikipedia,
山田太郎,やまだたろう,参議院,自由民主党・国民の声,,1,2021-02-17,2021-02-17,山田太郎,,,no_district,,
高橋克法,たかはしかつのり,参議院,自由民主党・国民の声,,1,2020-11-24,2020-11-24,高橋克法,栃木県,,ok,wikipedia,
有村治子,ありむらはるこ,参議院,自由民主党・国民の声,,1,2020-06-01,2020-06-01,有村治子,全国,比例区,ok,wikipedia,
広田一,ひろたはじめ,衆議院,立憲民主・国民・社保・無所属フォーラム,,1,2020-05-27,2020-05-27,広田一,徳島県・高知県,,ok,wikipedia,
吉田忠智,よしだただとも,参議院,立憲・国民．新緑風会・社民,,1,2020-05-18,2020-05-18,吉田忠智,大分県,,ok,wikipedia,
岩濱洋海,,衆議院,,農林水産省大臣官房危機管理・政策立案総括審議官,1,2020-03-31,2020-03-31,岩濱洋海,,,no_district,,
藤木眞也,ふじきしんや,参議院,自由民主党・国民の声,農林水産大臣政務官,1,2020-03-26,2020-03-26,藤木眞也,全国,比例区,ok,wikipedia,
達谷窟庸野,,参議院,,厚生労働省大臣官房高齢・障害者雇用開発審議官,1,2020-03-19,2020-03-19,達谷窟庸野,,,no_district,,
ながえ孝子,ながえたかこ,参議院,碧水会,,1,2020-03-19,2020-03-19,永江孝子,愛媛県,,ok,wikipedia,
中原淳,,参議院,,国土交通省大臣官房建設流通政策審議官,1,2020-03-18,2020-03-18,中原淳,,,no_district,,
小寺裕雄,こてらひろお,衆議院,自由民主党・無所属の会,,1,2020-02-25,2020-02-25,小寺裕雄,全国,比例区,ok,wikipedia,
宮本周司,みやもとしゅうじ,衆議院,自由民主党・国民の声,経済産業大臣政務官,1,2019-11-13,2019-11-13,宮本周司,石川県,,ok,wikipedia,
石井みどり,いしいみどり,参議院,自由民主党・国民の声,,1,2019-06-10,2019-06-10,石井みどり,全国,比例区,ok,wikipedia,
森野泰成,,参議院,,外務大臣官房参事官,1,2019-04-16,2019-04-16,森野泰成,,,no_district,,
高井崇志,たかいたかし,衆議院,立憲民主党・無所属フォーラム,,1,2019-02-15,2019-02-15,高井崇志,全国,比例区,ok,wikipedia,
長岡寛介,,衆議院,,外務省大臣官房参事官,1,2019-01-23,2019-01-23,長岡寛介,,,no_district,,
斎藤嘉隆,さいとうよしたか,参議院,立憲民主党・民友会,,1,2018-12-07,2018-12-07,斎藤嘉隆,愛知県,,ok,wikipedia,
江崎孝,えさきたかし,参議院,立憲民主党・民友会,,1,2018-12-07,2018-12-07,江崎孝,全国,比例区,ok,wikipedia,
岡田直樹,おかだなおき,参議院,自由民主党・国民の声,,1,2018-12-07,2018-12-07,岡田直樹,石川県,,ok,wikipedia,
松本貴久,,参議院,,厚生労働大臣官房審議官,1,2018-12-04,2018-12-04,松本貴久,,,no_district,,
平沢勝栄,ひらさわかつえい,衆議院,自由民主党,,1,2018-11-27,2018-11-27,平沢勝栄,東京都,第17区,ok,wikipedia,
高橋俊之,,衆議院,,厚生労働省大臣官房年金管理審議官,1,2018-11-14,2018-11-14,高橋俊之,,,no_district,,
馬場伸幸,ばばのぶゆき,衆議院,日本維新の会,,1,2018-10-30,2018-10-30,馬場伸幸,大阪府,第17区,ok,wikipedia,
吉川沙織,よしかわさおり,参議院,立憲民主党・民友会,,1,2018-10-30,2018-10-30,吉川沙織,全国,比例区,ok,wikipedia,
大島一博,,参議院,,内閣府大臣官房審議官,1,2018-05-15,2018-05-15,大島一博,,,no_district,,
鈴木英二郎,,参議院,,国土交通大臣官房審議官,1,2018-05-15,2018-05-15,鈴木英二郎,,,no_district,,
和田純一,,衆議院,,厚生労働省大臣官房審議官,1,2018-04-18,2018-04-18,和田純一,,,no_district,,
中川雅治,なかがわまさはる,参議院,自由民主党・こころ,環境大臣・内閣府特命担当大臣（原子力防災）,1,2018-03-22,2018-03-22,中川雅治,東京都,,ok,wikipedia,
鈴木良典,,参議院,,農林水産大臣官房生産振興審議官,1,2017-06-06,2017-06-06,鈴木良典,,,no_district,,
木村義雄,きむらよしお,参議院,自由民主党・こころ,,1,2017-05-18,2017-05-18,木村義雄,,,no_district,,
橋本次郎,,衆議院,,農林水産省大臣官房参事官,1,2017-04-12,2017-04-12,橋本次郎,,,no_district,,
大菅岳史,,参議院,,外務大臣官房審議官,1,2016-11-17,2016-11-17,大菅岳史,,,no_district,,
山本尚子,,参議院,,厚生労働大臣官房審議官,1,2016-11-01,2016-11-01,山本尚子,,,no_district,,
土田浩史,,衆議院,,経済産業省大臣官房審議官,1,2016-10-21,2016-10-21,土田浩史,,,no_district,,
浜谷浩樹,,衆議院,,厚生労働省大臣官房審議官,1,2016-05-13,2016-05-13,濵谷浩樹,,,no_district,,
太田房江,おおたふさえ,衆議院,自由民主党,厚生労働大臣政務官,1,2016-04-27,2016-04-27,太田房江,大阪府,,ok,wikipedia,
菅原一秀,すがわらいっしゅう,衆議院,自由民主党,,1,2016-02-29,2016-02-29,菅原一秀,東京9区,,ok,wikipedia,
伊原和人,,衆議院,,厚生労働省大臣官房審議官,1,2016-02-25,2016-02-25,伊原和人,,,no_district,,
遠藤利明,えんどうとしあき,衆議院,自由民主党,国務大臣,1,2015-08-05,2015-08-05,遠藤利明,山形1区,,ok,wikipedia,
大塚拓,おおつかたく,衆議院,自由民主党,法務大臣政務官・内閣府大臣政務官,1,2015-05-19,2015-05-19,大塚拓,埼玉県,第9区,ok,wikipedia,
鈴木哲,,参議院,,外務大臣官房審議官,1,2015-03-26,2015-03-26,鈴木哲,,,no_district,,
熊谷大,くまがいゆたか,参議院,自由民主党,,1,2015-03-19,2015-03-19,熊谷大,宮城県,,ok,wikipedia,
前田一男,まえだかずお,衆議院,自由民主党,,1,2015-03-10,2015-03-10,前田一男,渡島総合振興局,,ok,wikipedia,
平井裕秀,,衆議院,,経済産業省大臣官房審議官,1,2015-03-10,2015-03-10,平井裕秀,,,no_district,,
平沼赳夫,ひらぬまたけお,衆議院,次世代の党,,1,2014-10-01,2014-10-01,平沼赳夫,岡山県,第3区,ok,wikipedia,
木下賢志,,衆議院,,内閣府大臣官房審議官,1,2014-06-04,2014-06-04,木下賢志,,,no_district,,
田嶋要,たじまかなめ,衆議院,民主党・無所属クラブ,,1,2014-05-28,2014-05-28,田嶋要,全国,比例区,ok,wikipedia,
西岡新,にしおかあらた,衆議院,日本維新の会,,1,2014-04-08,2014-04-08,西岡新,今治市・越智郡,,ok,wikipedia,
西野弘一,にしのこういち,衆議院,日本維新の会,,1,2014-04-08,2014-04-08,西野弘一,大阪府,第13区,ok,wikipedia,
魚住裕一郎,うおずみゆういちろう,参議院,公明党,,1,2014-04-03,2014-04-03,魚住裕一郎,全国,比例区,ok,wikipedia,
広瀬直,,衆議院,,経済産業省大臣官房審議官,1,2014-03-26,2014-03-26,広瀬直,,,no_district,,
新原浩朗,,衆議院,,厚生労働省大臣官房審議官,1,2014-03-19,2014-03-19,新原浩朗,,,no_district,,
吉池浩嗣,,衆議院,,法務省大臣官房審議官,1,2013-06-13,2013-06-13,吉池浩嗣,,,no_district,,
松木けんこう,まつきけんこう,衆議院,立憲民主党・無所属,,1,2024-04-12,2024-04-12,松木謙公,北海道,第2区,ok,wikipedia,
大椿ゆうこ,おおつばきゆうこ,参議院,立憲民主・社民,,1,2024-03-22,2024-03-22,大椿裕子,全国,比例区,ok,wikipedia,
大岡敏孝,おおおかとしたか,衆議院,自由民主党・無所属の会,,1,2024-02-27,2024-02-27,大岡敏孝,滋賀県,第1区,ok,wikipedia,
菊田真紀子,きくたまきこ,衆議院,立憲民主党・無所属,,1,2023-04-26,2023-04-26,菊田真紀子,全国,比例区,ok,wikipedia,
早稲田ゆき,わせだゆき,衆議院,立憲民主党・無所属,,1,2023-04-21,2023-04-21,早稲田ゆき,,,no_district,,
上田勇,うえだいさむ,参議院,公明党,,1,2023-04-21,2023-04-21,上田勇,全国,比例区,ok,wikipedia,
河西宏一,かさいこういち,衆議院,公明党,,1,2022-03-25,2022-03-25,河西宏一,全国,比例区,ok,wikipedia,
竹内努,,参議院,,法務省大臣官房政策立案総括審議官,1,2020-11-17,2020-11-17,竹内努,,,no_district,,
水岡俊一,みずおかしゅんいち,参議院,立憲民主・社民,,1,2020-10-30,2020-10-30,水岡俊一,全国,比例区,ok,wikipedia,
三原じゅん子,みはらじゅんこ,参議院,自由民主党・国民の声,厚生労働副大臣,1,2020-10-08,2020-10-08,三原じゅん子,神奈川県,,ok,wikipedia,
佐藤公治,さとうこうじ,衆議院,立憲民主・国民・社保・無所属フォーラム,,1,2020-03-31,2020-03-31,佐藤公治,広島県,第5区,ok,wikipedia,
本多平直,ほんだひらなお,衆議院,立憲民主・国民・社保・無所属フォーラム,,1,2020-02-04,2020-02-04,本多平直,全国,比例区,ok,wikipedia,
日吉雄太,ひよしゆうた,衆議院,立憲民主・国民・社保・無所属フォーラム,,1,2019-11-08,2019-11-08,日吉雄太,全国,比例区,ok,wikipedia,
島村大,しまむらだい,参議院,自由民主党・国民の声,,1,2019-05-07,2019-05-07,島村大,神奈川県,,ok,wikipedia,
平将明,たいらまさあき,衆議院,自由民主党,,1,2019-04-24,2019-04-24,平将明,東京4区,,ok,wikipedia,
うえの賢一郎,うえのけんいちろう,衆議院,自由民主党,財務副大臣,1,2019-02-27,2019-02-27,上野賢一郎,滋賀県,第2区,ok,wikipedia,
志位和夫,しいかずお,衆議院,日本共産党,,1,2019-01-31,2019-01-31,志位和夫,全国,比例区,ok,wikipedia,
もとむら賢太郎,もとむらけんたろう,衆議院,無所属の会,,1,2018-11-16,2018-11-16,もとむら賢太郎,,,no_district,,
今井絵理子,いまいえりこ,参議院,自由民主党・こころ,,1,2018-06-15,2018-06-15,今井絵理子,全国,比例区,ok,wikipedia,
福井照,ふくいてる,参議院,自由民主党,内閣府特命担当大臣（沖縄及び北方対策・消費者及び食品安全・海洋政策）,1,2018-06-01,2018-06-01,福井照,全国,比例区,ok,wikipedia,
谷畑孝,たにはたたかし,衆議院,日本維新の会,,1,2018-03-30,2018-03-30,谷畑孝,全国,比例区,ok,wikipedia,
丸川珠代,まるかわたまよ,参議院,自由民主党・こころ,,1,2018-03-01,2018-03-01,丸川珠代,東京都,第7区,ok,wikipedia,
小野寺五典,おのでらいつのり,参議院,自由民主党,防衛大臣,1,2018-01-31,2018-01-31,小野寺五典,宮城県,第5区,ok,wikipedia,
島津幸広,しまづゆきひろ,衆議院,日本共産党,,1,2017-05-16,2017-05-16,島津幸広,全国,比例区,ok,wikipedia,
長島昭久,ながしまあきひさ,衆議院,民進党・無所属クラブ,,1,2017-03-10,2017-03-10,長島昭久,東京30区,,ok,wikipedia,
近藤昭一,こんどうしょういち,衆議院,民進党・無所属クラブ,,1,2016-04-26,2016-04-26,近藤昭一,愛知3区,,ok,wikipedia,
浜田昌良,はまだまさよし,参議院,公明党,,1,2015-11-11,2015-11-11,浜田昌良,全国,比例区,ok,wikipedia,
宮沢洋一,みやざわよういち,衆議院,自由民主党,経済産業大臣・内閣府特命担当大臣（原子力損害賠償・廃炉等支援機構）,1,2015-07-03,2015-07-03,宮澤洋一,広島県,,ok,wikipedia,
寺田典城,てらたすけしろ,参議院,維新の党,,1,2014-11-19,2014-11-19,寺田典城,全国,比例区,ok,wikipedia,
鈴木俊彦,,衆議院,,厚生労働省大臣官房審議官,1,2014-05-16,2014-05-16,鈴木俊彦,,,no_district,,
後藤斎,ごとうひとし,衆議院,民主党・無所属クラブ,,1,2014-04-08,2014-04-08,後藤斎,山梨県,,ok,wikipedia,
谷博之,たにひろゆき,参議院,民主党・新緑風会,法務大臣政務官,1,2012-03-22,2012-03-22,谷博之,栃木県,,ok,wikipedia,
辻泰弘,つじやすひろ,衆議院,民主党・新緑風会,厚生労働副大臣,1,2012-03-07,2012-03-07,辻泰弘,兵庫県,,ok,wikipedia,
金子万里子,,参議院,,外務省大臣官房政策立案参事官,1,2024-12-19,2024-12-19,金子万里子,,,no_district,,
平岡秀夫,ひらおかひでお,衆議院,立憲民主党・無所属,,1,2024-12-18,2024-12-18,平岡秀夫,全国,比例区,ok,wikipedia,
工藤彰三,くどうしょうぞう,参議院,自由民主党・無所属の会,内閣府副大臣,1,2024-06-04,2024-06-04,工藤彰三,愛知4区,,ok,wikipedia,
滝波宏文,たきなみひろふみ,参議院,自由民主党,,1,2024-05-30,2024-05-30,滝波宏文,福井県,,ok,wikipedia,
高橋美佐子,,参議院,,外務省大臣官房参事官,1,2024-04-18,2024-04-18,高橋美佐子,,,no_district,,
徳田修一,,衆議院,,外務省大臣官房審議官,1,2022-04-13,2022-04-13,徳田修一,,,no_district,,
鈴木敦,すずきあつし,衆議院,国民民主党・無所属クラブ,,1,2022-04-13,2022-04-13,鈴木敦,全国,比例区,ok,wikipedia,
赤嶺政賢,あかみねせいけん,衆議院,日本共産党,,1,2022-01-07,2022-01-07,赤嶺政賢,沖縄県,第1区,ok,wikipedia,
大野泰正,おおのやすただ,参議院,自由民主党・国民の声,,1,2021-05-28,2021-05-28,大野泰正,岐阜県,,ok,wikipedia,
市川正司,,衆議院,,日本弁護士連合会人権擁護委員会元委員長／弁護士,1,2021-04-21,2021-04-21,市川正司,,,no_district,,
武内則男,たけうちのりお,衆議院,立憲民主党・無所属,,1,2021-03-02,2021-03-02,武内則男,全国,比例区,ok,wikipedia,
村上史好,むらかみふみよし,衆議院,立憲民主党・無所属,,1,2021-03-02,2021-03-02,村上史好,全国,比例区,ok,wikipedia,
河邉賢裕,,参議院,,外務省大臣官房参事官,1,2020-11-17,2020-11-17,河邉賢裕,,,no_district,,
椿百合子,,参議院,,法務省大臣官房審議官,1,2020-06-12,2020-06-12,椿百合子,,,no_district,,
江島潔,えじまきよし,参議院,自由民主党・国民の声,,1,2020-03-26,2020-03-26,江島潔,山口県,,ok,wikipedia,
竹本直一,たけもとなおかず,参議院,自由民主党・無所属の会,内閣府特命担当大臣（クールジャパン戦略・知的財産戦略・科学技術政策・宇宙政策）,1,2020-03-18,2020-03-18,竹本直一,大阪15区,,ok,wikipedia,
野田佳彦,のだよしひこ,衆議院,立憲民主・国民・社保・無所属フォーラム,,1,2020-02-25,2020-02-25,野田佳彦,千葉県,第14区,ok,wikipedia,
棚橋泰文,たなはしやすふみ,衆議院,自由民主党・無所属の会,,1,2020-02-17,2020-02-17,棚橋泰文,岐阜県,第2区,ok,wikipedia,
田中良生,たなかりょうせい,衆議院,自由民主党・無所属の会,,1,2020-02-14,2020-02-14,田中良生,埼玉県,第15区,ok,wikipedia,
若宮健嗣,わかみやけんじ,衆議院,自由民主党,,1,2019-06-05,2019-06-05,若宮健嗣,東京5区,,ok,wikipedia,
吉永和生,,参議院,,厚生労働大臣官房審議官,1,2019-04-23,2019-04-23,吉永和生,,,no_district,,
高木美智代,たかぎみちよ,衆議院,公明党,,1,2019-02-27,2019-02-27,高木美智代,全国,比例区,ok,wikipedia,
櫻田義孝,さくらだよしたか,参議院,自由民主党,国務大臣,1,2018-11-27,2018-11-27,桜田義孝,全国,比例区,ok,wikipedia,
福田守雄,,参議院,,国土交通大臣官房審議官,1,2018-11-15,2018-11-15,福田守雄,,,no_district,,
岸本周平,きしもとしゅうへい,衆議院,希望の党・無所属クラブ,,1,2017-11-30,2017-11-30,岸本周平,| 当選回数 = 1回,,ok,wikipedia,
鈴木俊一,すずきしゅんいち,衆議院,自由民主党,国務大臣,1,2017-11-29,2017-11-29,鈴木俊一,,,no_district,,
古川俊治,ふるかわとしはる,参議院,自由民主党・こころ,,1,2017-06-01,2017-06-01,古川俊治,埼玉県,,ok,wikipedia,
木村太郎,きむらたろう,衆議院,自由民主党・無所属の会,,1,2017-05-30,2017-05-30,木村太郎,,,no_district,,
橋本聖子,はしもとせいこ,参議院,自由民主党,,1,2016-09-28,2016-09-28,橋本聖子,全国,比例区,ok,wikipedia,
岡下昌平,おかしたしょうへい,衆議院,自由民主党,,1,2016-02-26,2016-02-26,岡下昌平,全国,比例区,ok,wikipedia,
尾立源幸,おだちもとゆき,参議院,民主党・新緑風会,,1,2014-11-11,2014-11-11,尾立源幸,大阪府,,ok,wikipedia,
井上哲士,いのうえさとし,参議院,日本共産党,,1,2014-06-03,2014-06-03,井上哲士,全国,比例区,ok,wikipedia,
島尻安伊子,しまじりあいこ,参議院,自由民主党,,1,2013-12-03,2013-12-03,島尻安伊子,沖縄県,第3区,ok,wikipedia,
百瀬智之,ももせともゆき,衆議院,日本維新の会,,1,2013-05-29,2013-05-29,百瀬智之,松本市・東筑摩郡,,ok,wikipedia,
新美潤,,衆議院,,外務省大臣官房参事官,1,2013-04-26,2013-04-26,新美潤,,,no_district,,
西根由佳,にしねゆか,衆議院,日本維新の会,,1,2013-03-15,2013-03-15,林原由佳,全国,比例区,ok,wikipedia,
宇都隆史,うとたかし,参議院,自由民主党・たちあがれ日本・無所属の会,,1,2012-08-28,2012-08-28,宇都隆史,全国,比例区,ok,wikipedia,
北村茂男,きたむらしげお,衆議院,自由民主党・無所属の会,,1,2012-08-03,2012-08-03,北村茂男,石川3区,,ok,wikipedia,
山根隆治,やまねりゅうじ,参議院,民主党・新緑風会,外務副大臣,1,2012-03-22,2012-03-22,山根隆治,埼玉県,,ok,wikipedia,
田中康夫,たなかやすお,衆議院,国民新党・新党日本,,1,2012-02-17,2012-02-17,田中康夫,兵庫県,第8区,ok,wikipedia,
小林大樹,,参議院,,農林水産省大臣官房新事業・食品産業部長,1,2024-06-11,2024-06-11,小林大樹,,,no_district,,
臼井正一,うすいしょういち,参議院,自由民主党,,1,2024-06-06,2024-06-06,臼井正一,千葉県,,ok,wikipedia,
浦田秀行,,参議院,,経済産業省大臣官房審議官,1,2024-06-04,2024-06-04,浦田秀行,,,no_district,,
岸谷克己,,衆議院,,国土交通省大臣官房技術審議官,1,2024-04-24,2024-04-24,岸谷克己,,,no_district,,
上原龍,,参議院,,法務省大臣官房政策立案総括審議官,1,2024-04-04,2024-04-04,上原龍,,,no_district,,
田中一成,,参議院,,経済産業省大臣官房審議官,1,2024-03-22,2024-03-22,田中一成,,,no_district,,
増田嗣郎,,参議院,,国土交通省大臣官房審議官,1,2023-05-15,2023-05-15,増田嗣郎,,,no_district,,
辺見聡,,衆議院,,厚生労働省大臣官房審議官,1,2020-05-15,2020-05-15,辺見聡,,,no_district,,
本田太郎,ほんだたろう,衆議院,自由民主党・無所属の会,,1,2020-02-14,2020-02-14,本田太郎,京都府,第5区,ok,wikipedia,
松浦博司,,参議院,,外務大臣官房審議官,1,2019-05-20,2019-05-20,松浦博司,,,no_district,,
度山徹,,参議院,,厚生労働大臣官房審議官,1,2018-12-04,2018-12-04,度山徹,,,no_district,,
上田弘,,衆議院,,農林水産省大臣官房参事官,1,2018-11-21,2018-11-21,上田弘,,,no_district,,
石橋林太郎,いしばしりんたろう,参議院,自由民主党・無所属の会,国土交通大臣政務官,1,2024-06-04,2024-06-04,石橋林太郎,広島県,第3区,ok,wikipedia,
田中英之,たなかひでゆき,衆議院,自由民主党・無所属の会,,1,2024-05-20,2024-05-20,田中英之,全国,比例区,ok,wikipedia,
杉中淳,,衆議院,,農林水産省大臣官房総括審議官,1,2024-04-18,2024-04-18,杉中淳,,,no_district,,
宮浦浩司,,参議院,,農林水産省大臣官房総括審議官,1,2024-04-04,2024-04-04,宮浦浩司,,,no_district,,
西村秀隆,,衆議院,,経済産業省大臣官房審議官,1,2024-02-28,2024-02-28,西村秀隆,,,no_district,,
田辺康彦,,参議院,,内閣府大臣官房審議官,1,2024-02-21,2024-02-21,田辺康彦,,,no_district,,
金子道仁,かねこみちひと,参議院,日本維新の会,,1,2023-11-29,2023-11-29,金子道仁,全国,比例区,ok,wikipedia,
林佑美,はやしゆみ,衆議院,日本維新の会,,1,2023-11-24,2023-11-24,林佑美,全国,比例区,ok,wikipedia,
羽田次郎,はたじろう,参議院,立憲民主・社民,,1,2023-11-09,2023-11-09,羽田次郎,長野県,,ok,wikipedia,
舩後靖彦,ふなごやすひこ,参議院,れいわ新選組,,1,2023-05-25,2023-05-25,舩後靖彦,全国,比例区,ok,wikipedia,
高木真理,たかぎまり,参議院,立憲民主・社民,,1,2023-04-20,2023-04-20,高木真理,埼玉県,,ok,wikipedia,
松尾浩則,,衆議院,,農林水産省大臣官房審議官,1,2022-11-02,2022-11-02,松尾浩則,,,no_district,,
吉川ゆうみ,よしかわゆうみ,参議院,自由民主党・国民の声,経済産業大臣政務官・内閣府大臣政務官,1,2022-05-19,2022-05-19,吉川有美,三重県,,ok,wikipedia,
大西宏幸,おおにしひろゆき,衆議院,自由民主党・無所属の会,,1,2020-02-25,2020-02-25,大西宏幸,大阪府,第1区,ok,wikipedia,
小島敏文,こじまとしふみ,衆議院,自由民主党,,1,2019-05-09,2019-05-09,小島敏文,全国,比例区,ok,wikipedia,
平井卓也,ひらいたくや,衆議院,自由民主党,内閣府特命担当大臣（クールジャパン戦略・知的財産戦略・科学技術政策・宇宙政策）,1,2019-04-26,2019-04-26,平井卓也,全国,比例区,ok,wikipedia,
眞鍋純,,参議院,,国土交通大臣官房審議官,1,2019-03-12,2019-03-12,眞鍋純,,,no_district,,
篠原豪,しのはらごう,衆議院,立憲民主党・市民クラブ,,1,2018-12-03,2018-12-03,篠原豪,神奈川県,第1区,ok,wikipedia,
長坂康正,ながさかやすまさ,衆議院,自由民主党,内閣府大臣政務官・復興大臣政務官,1,2018-05-25,2018-05-25,長坂康正,愛知県,第9区,ok,wikipedia,
浜野喜史,はまのよしふみ,参議院,国民民主党・新緑風会,,1,2018-05-09,2018-05-09,浜野喜史,全国,比例区,ok,wikipedia,
小林一久,,衆議院,,経済産業省大臣官房審議官,1,2018-02-23,2018-02-23,小林一久,,,no_district,,
橘慶一郎,たちばなけいいちろう,衆議院,自由民主党,,1,2017-12-05,2017-12-05,橘慶一郎,富山県,第3区,ok,wikipedia,
木原亜紀生,,衆議院,,国土交通省大臣官房審議官,1,2016-12-12,2016-12-12,木原亜紀生,,,no_district,,
小沢鋭仁,おざわさきひと,衆議院,日本維新の会,,1,2016-10-21,2016-10-21,小沢鋭仁,全国,比例区,ok,wikipedia,
中川俊直,なかがわとしなお,参議院,自由民主党・無所属の会,経済産業大臣政務官,1,2016-10-20,2016-10-20,中川俊直,広島県,第4区,ok,wikipedia,
石原伸晃,いしはらのぶてる,衆議院,自由民主党,内閣府特命担当大臣（経済財政政策）,1,2016-04-01,2016-04-01,石原伸晃,東京都,第8区,ok,wikipedia,
寺澤達也,,衆議院,,経済産業省大臣官房商務流通保安審議官,1,2015-07-03,2015-07-03,寺澤達也,,,no_district,,
小川誠,,衆議院,,経済産業省大臣官房審議官,1,2014-05-28,2014-05-28,小川誠,,,no_district,,
坂元大輔,さかもとだいすけ,衆議院,日本維新の会,,1,2014-04-18,2014-04-18,坂元大輔,全国,比例区,ok,wikipedia,
佐々木則夫,,衆議院,,一般社団法人日本経済団体連合会副会長・税制委員長,1,2013-11-12,2013-11-12,佐々木則夫,,,no_district,,
牧野聖修,まきのせいしゅう,参議院,民主党・無所属クラブ,経済産業副大臣,1,2012-02-29,2012-02-29,牧野聖修,静岡県,第1区,ok,wikipedia,
島田洋一,しまだよういち,衆議院,日本保守党,,1,2024-12-18,2024-12-18,島田洋一,全国,比例区,ok,wikipedia,
三橋一彦,,衆議院,,総務省大臣官房審議官,1,2022-12-22,2022-12-22,三橋一彦,,,no_district,,
大坪寛子,,参議院,,厚生労働省大臣官房審議官,1,2021-03-16,2021-03-16,大坪寛子,,,no_district,,
高木啓,たかぎけい,衆議院,自由民主党・無所属の会,,1,2021-02-26,2021-02-26,高木啓,東京都,第12区,ok,wikipedia,
黒田岳士,,衆議院,,内閣府大臣官房審議官,1,2020-04-14,2020-04-14,黒田岳士,,,no_district,,
酒井庸行,さかいやすゆき,参議院,自由民主党・こころ,,1,2017-06-02,2017-06-02,酒井庸行,愛知県,,ok,wikipedia,
西田昌司,にしだしょうじ,参議院,自由民主党,,1,2016-04-19,2016-04-19,西田昌司,京都府,,ok,wikipedia,
水野賢一,みずのけんいち,参議院,民主党・新緑風会,,1,2016-01-15,2016-01-15,水野賢一,千葉県,,ok,wikipedia,
神田裕二,,衆議院,,厚生労働省大臣官房審議官,1,2013-11-20,2013-11-20,神田裕二,,,no_district,,
小池政就,こいけまさなり,衆議院,みんなの党,,1,2013-04-11,2013-04-11,小池政就,全国,比例区,ok,wikipedia,
豊嶋基暢,,衆議院,,総務省大臣官房審議官,1,2024-04-24,2024-04-24,豊嶋基暢,,,no_district,,
神田憲次,かんだけんじ,衆議院,自由民主党,,1,2022-12-10,2022-12-10,神田憲次,愛知5区,,ok,wikipedia,
伊藤岳,いとうがく,参議院,日本共産党,,1,2022-04-21,2022-04-21,伊藤岳,埼玉県,,ok,wikipedia,
武田良太,たけだりょうた,参議院,自由民主党・無所属の会,総務大臣,1,2020-11-30,2020-11-30,武田良太,福岡県,第11区,ok,wikipedia,
堀越啓仁,ほりこしけいにん,衆議院,立憲民主党・社民・無所属,,1,2020-11-17,2020-11-17,堀越啓仁,全国,比例区,ok,wikipedia,
山川百合子,やまかわゆりこ,衆議院,立憲民主・国民・社保・無所属フォーラム,,1,2019-10-23,2019-10-23,山川百合子,全国,比例区,ok,wikipedia,
水落敏栄,みずおちとしえい,参議院,自由民主党・国民の声,,1,2019-05-24,2019-05-24,水落敏栄,全国,比例区,ok,wikipedia,
宮川典子,みやがわのりこ,衆議院,自由民主党,,1,2018-11-28,2018-11-28,宮川典子,全国,比例区,ok,wikipedia,
堀井巌,ほりいいわお,参議院,自由民主党・こころ,,1,2017-05-16,2017-05-16,堀井巌,奈良県,,ok,wikipedia,
稲山博司,,参議院,,総務大臣官房総括審議官,1,2017-04-06,2017-04-06,稲山博司,,,no_district,,
安田充,,衆議院,,総務省大臣官房総括審議官,1,2015-05-29,2015-05-29,安田充,,,no_district,,
伯井美徳,,衆議院,,文部科学省大臣官房審議官,1,2015-04-07,2015-04-07,伯井美徳,,,no_district,,
藤谷光信,ふじたにこうしん,参議院,民主党・新緑風会,,1,2013-05-09,2013-05-09,藤谷光信,全国,比例区,ok,wikipedia,
塩村あやか,しおむらあやか,参議院,立憲民主・社民,,1,2023-12-06,2023-12-06,塩村文夏,東京都,,ok,wikipedia,
田畑毅,たばたつよし,衆議院,自由民主党,,1,2018-02-26,2018-02-26,田畑毅,全国,比例区,ok,wikipedia,
升田世喜男,ますたせきお,衆議院,維新の党,,1,2015-07-01,2015-07-01,升田世喜男,全国,比例区,ok,wikipedia,
杉田水脈,すぎたみお,衆議院,日本維新の会,,1,2014-02-25,2014-02-25,杉田水脈,全国,比例区,ok,wikipedia,
江口克彦,えぐちかつひこ,参議院,みんなの党,,1,2013-05-23,2013-05-23,江口克彦,全国,比例区,ok,wikipedia,
高木宏壽,たかぎひろひさ,衆議院,自由民主党,,1,2014-04-16,2014-04-16,高木宏壽,北海道,第3区,ok,wikipedia,
川端達夫,かわばたたつお,参議院,民主党・無所属クラブ,総務大臣・内閣府特命担当大臣（沖縄及び北方対策・地域主権推進）,1,2012-08-28,2012-08-28,川端達夫,全国,比例区,ok,wikipedia,
